k,AU,AT,DU,DT1,DT2,cU,cT1,cT2,J,S,sbar
1e-06,0.9423995888629533,0.0,-10.324754347893826,0.0,0.0,-0.0039990482527605805,0.0,0.0,0.9423995888631891,0.3844990322463464,0.0
1.028463060849779e-06,0.9423995888619576,0.0,-10.325238217213128,0.0,0.0,-0.003999048252759689,0.0,0.0,0.942399588862207,0.3844990322459355,0.0
1.0577362675324964e-06,0.9423995888609048,0.0,-10.324450785102497,0.0,0.0,-0.003999048252758747,0.0,0.0,0.942399588861169,0.38449903224550086,0.0
1.087842679278294e-06,0.9423995888597916,0.0,-10.32586498866144,0.0,0.0,-0.003999048252757748,0.0,0.0,0.9423995888600702,0.38449903224504123,0.0
1.118806011653579e-06,0.942399588858613,0.0,-10.324980510123195,0.0,0.0,-0.003999048252756696,0.0,0.0,0.9423995888589081,0.3844990322445547,0.0
1.1506506552423733e-06,0.9423995888573671,0.0,-10.325300926114915,0.0,0.0,-0.003999048252755581,0.0,0.0,0.9423995888576793,0.38449903224404053,0.0
1.183401694859375e-06,0.9423995888560491,0.0,-10.32511733159465,0.0,0.0,-0.003999048252754402,0.0,0.0,0.9423995888563791,0.3844990322434963,0.0
1.2170849293098917e-06,0.9423995888546551,0.0,-10.324851815177142,0.0,0.0,-0.0039990482527531524,0.0,0.0,0.9423995888550043,0.38449903224292065,0.0
1.251726891712188e-06,0.9423995888531806,0.0,-10.324738425315969,0.0,0.0,-0.0039990482527518375,0.0,0.0,0.9423995888535497,0.38449903224231197,0.0
1.2873548703982968e-06,0.9423995888516215,0.0,-10.32654052311189,0.0,0.0,-0.003999048252750444,0.0,0.0,0.942399588852012,0.38449903224166837,0.0
1.323996930409703e-06,0.9423995888499717,0.0,-10.325481061789299,0.0,0.0,-0.003999048252748963,0.0,0.0,0.9423995888503844,0.38449903224098714,0.0
1.361681935604878e-06,0.9423995888482266,0.0,-10.324909930963404,0.0,0.0,-0.003999048252747403,0.0,0.0,0.9423995888486634,0.3844990322402667,0.0
1.4004395713960445e-06,0.9423995888463808,0.0,-10.32539925958564,0.0,0.0,-0.003999048252745754,0.0,0.0,0.942399588846843,0.3844990322395046,0.0
1.4403003681331284e-06,0.942399588844429,0.0,-10.325131591793463,0.0,0.0,-0.003999048252744006,0.0,0.0,0.9423995888449177,0.38449903223869875,0.0
1.4812957251532608e-06,0.9423995888423642,0.0,-10.325106101853528,0.0,0.0,-0.003999048252742156,0.0,0.0,0.9423995888428804,0.38449903223784637,0.0
1.5234579355148189e-06,0.9423995888401798,0.0,-10.325050629211617,0.0,0.0,-0.003999048252740202,0.0,0.0,0.942399588840726,0.3844990322369445,0.0
1.566820211435456e-06,0.9423995888378697,0.0,-10.325552807234368,0.0,0.0,-0.003999048252738138,0.0,0.0,0.9423995888384478,0.3844990322359907,0.0
1.611416710454207e-06,0.9423995888354255,0.0,-10.325248665799034,0.0,0.0,-0.003999048252735949,0.0,0.0,0.9423995888360372,0.38449903223498183,0.0
1.6572825623382159e-06,0.9423995888328417,0.0,-10.325801748332559,0.0,0.0,-0.003999048252733639,0.0,0.0,0.942399588833488,0.3844990322339148,0.0
1.7044538967553262e-06,0.9423995888301068,0.0,-10.325732718966671,0.0,0.0,-0.003999048252731191,0.0,0.0,0.9423995888307911,0.3844990322327859,0.0
1.7529678717343196e-06,0.9423995888272148,0.0,-10.325581340834288,0.0,0.0,-0.003999048252728604,0.0,0.0,0.9423995888279393,0.38449903223159226,0.0
1.8028627029352012e-06,0.9423995888241562,0.0,-10.325675601526799,0.0,0.0,-0.003999048252725869,0.0,0.0,0.9423995888249217,0.3844990322303292,0.0
1.854177693752643e-06,0.9423995888209208,0.0,-10.325844085363567,0.0,0.0,-0.003999048252722979,0.0,0.0,0.9423995888217307,0.38449903222899356,0.0
1.9069532662762274e-06,0.9423995888174987,0.0,-10.325230024580806,0.0,0.0,-0.003999048252719915,0.0,0.0,0.9423995888183552,0.38449903222758064,0.0
1.9612309931319364e-06,0.9423995888138786,0.0,-10.325233734987698,0.0,0.0,-0.003999048252716675,0.0,0.0,0.9423995888147851,0.38449903222608606,0.0
2.0170536302299236e-06,0.9423995888100498,0.0,-10.325350282750454,0.0,0.0,-0.003999048252713249,0.0,0.0,0.9423995888110086,0.38449903222450554,0.0
2.0744651504444257e-06,0.9423995888060002,0.0,-10.325199312898679,0.0,0.0,-0.003999048252709623,0.0,0.0,0.942399588807014,0.38449903222283377,0.0
2.1335107782522713e-06,0.9423995888017168,0.0,-10.325357529932427,0.0,0.0,-0.0039990482527057945,0.0,0.0,0.9423995888027887,0.38449903222106524,0.0
2.19423702535733e-06,0.9423995887971857,0.0,-10.325596250743256,0.0,0.0,-0.003999048252701742,0.0,0.0,0.9423995887983204,0.38449903221919457,0.0
2.2566917273289136e-06,0.942399588792393,0.0,-10.325407462779847,0.0,0.0,-0.003999048252697451,0.0,0.0,0.942399588793593,0.3844990322172159,0.0
2.320924081283069e-06,0.9423995887873235,0.0,-10.325427346310729,0.0,0.0,-0.003999048252692915,0.0,0.0,0.9423995887885925,0.38449903221512305,0.0
2.3869846846363467e-06,0.9423995887819614,0.0,-10.325370423247174,0.0,0.0,-0.003999048252688115,0.0,0.0,0.9423995887833034,0.3844990322129095,0.0
2.454925574962647e-06,0.94239958877629,0.0,-10.325553384865716,0.0,0.0,-0.003999048252683045,0.0,0.0,0.9423995887777097,0.38449903221056786,0.0
2.524800270984487e-06,0.9423995887702901,0.0,-10.325157545935516,0.0,0.0,-0.003999048252677676,0.0,0.0,0.9423995887717922,0.3844990322080911,0.0
2.5966638147310575e-06,0.9423995887639454,0.0,-10.325254720226969,0.0,0.0,-0.003999048252672002,0.0,0.0,0.9423995887655338,0.38449903220547144,0.0
2.670572814896167e-06,0.9423995887572332,0.0,-10.325414626810334,0.0,0.0,-0.0039990482526659965,0.0,0.0,0.9423995887589139,0.384499032202701,0.0
2.746585491430322e-06,0.9423995887501342,0.0,-10.325483568695168,0.0,0.0,-0.003999048252659644,0.0,0.0,0.9423995887519119,0.3844990321997698,0.0
2.8247617214020294e-06,0.9423995887426255,0.0,-10.325305469909038,0.0,0.0,-0.003999048252652929,0.0,0.0,0.9423995887445049,0.3844990321966697,0.0
2.905163086164422e-06,0.9423995887346821,0.0,-10.325382438208809,0.0,0.0,-0.0039990482526458225,0.0,0.0,0.9423995887366707,0.38449903219339054,0.0
2.987852919864452e-06,0.942399588726281,0.0,-10.325319063600253,0.0,0.0,-0.003999048252638307,0.0,0.0,0.9423995887283843,0.384499032189922,0.0
3.072896359332744e-06,0.9423995887173948,0.0,-10.325288084158357,0.0,0.0,-0.003999048252630358,0.0,0.0,0.9423995887196196,0.3844990321862536,0.0
3.1603603953935026e-06,0.9423995887079952,0.0,-10.32537816394613,0.0,0.0,-0.003999048252621947,0.0,0.0,0.9423995887103486,0.38449903218237313,0.0
3.25031392563482e-06,0.942399588698053,0.0,-10.325236466865924,0.0,0.0,-0.003999048252613049,0.0,0.0,0.9423995887005421,0.38449903217826825,0.0
3.3428278086810476e-06,0.942399588687537,0.0,-10.325379216903261,0.0,0.0,-0.003999048252603642,0.0,0.0,0.9423995886901697,0.38449903217392684,0.0
3.43797492000987e-06,0.942399588676414,0.0,-10.325401167297397,0.0,0.0,-0.0039990482525936915,0.0,0.0,0.9423995886791985,0.38449903216933473,0.0
3.535830209358125e-06,0.9423995886646483,0.0,-10.325366841396688,0.0,0.0,-0.003999048252583169,0.0,0.0,0.9423995886675935,0.38449903216447734,0.0
3.6364707597615798e-06,0.9423995886522033,0.0,-10.325435041589182,0.0,0.0,-0.003999048252572032,0.0,0.0,0.9423995886553189,0.3844990321593397,0.0
3.739975848275116e-06,0.9423995886390399,0.0,-10.325346944972335,0.0,0.0,-0.003999048252560256,0.0,0.0,0.9423995886423355,0.384499032153905,0.0
3.846427008421274e-06,0.9423995886251166,0.0,-10.3253217701889,0.0,0.0,-0.003999048252547796,0.0,0.0,0.9423995886286023,0.384499032148157,0.0
3.955908094416211e-06,0.9423995886103891,0.0,-10.325357619598753,0.0,0.0,-0.00399904825253462,0.0,0.0,0.9423995886140761,0.38449903214207726,0.0
4.068505347223713e-06,0.942399588594812,0.0,-10.32534725481892,0.0,0.0,-0.003999048252520688,0.0,0.0,0.9423995885987118,0.384499032135646,0.0
4.184307462489393e-06,0.9423995885783347,0.0,-10.325324188093248,0.0,0.0,-0.003999048252505944,0.0,0.0,0.9423995885824594,0.38449903212884373,0.0
4.303405660408413e-06,0.942399588560906,0.0,-10.325331256604217,0.0,0.0,-0.003999048252490354,0.0,0.0,0.9423995885652696,0.38449903212164843,0.0
4.425893757581901e-06,0.9423995885424722,0.0,-10.325297491478704,0.0,0.0,-0.003999048252473859,0.0,0.0,0.942399588547087,0.3844990321140378,0.0
4.551868240918621e-06,0.9423995885229735,0.0,-10.325304594453607,0.0,0.0,-0.003999048252456418,0.0,0.0,0.9423995885278544,0.3844990321059878,0.0
4.681428343640065e-06,0.9423995885023486,0.0,-10.325388852508329,0.0,0.0,-0.003999048252437965,0.0,0.0,0.9423995885075123,0.38449903209747327,0.0
4.814676123448972e-06,0.9423995884805334,0.0,-10.325376947024397,0.0,0.0,-0.003999048252418446,0.0,0.0,0.9423995884859955,0.3844990320884668,0.0
4.9517165429226785e-06,0.9423995884574585,0.0,-10.325368700110385,0.0,0.0,-0.003999048252397804,0.0,0.0,0.9423995884632352,0.3844990320789404,0.0
5.092657552194755e-06,0.9423995884330514,0.0,-10.325382148105074,0.0,0.0,-0.003999048252375967,0.0,0.0,0.9423995884391614,0.3844990320688642,0.0
5.237610173989961e-06,0.9423995884072345,0.0,-10.325326644531366,0.0,0.0,-0.00399904825235287,0.0,0.0,0.9423995884136974,0.38449903205820624,0.0
5.3866885910796595e-06,0.9423995883799279,0.0,-10.325372421839916,0.0,0.0,-0.003999048252328441,0.0,0.0,0.9423995883867642,0.3844990320469326,0.0
5.54001023622637e-06,0.9423995883510448,0.0,-10.325385450115572,0.0,0.0,-0.0039990482523026,0.0,0.0,0.9423995883582756,0.3844990320350082,0.0
5.69769588468848e-06,0.9423995883204933,0.0,-10.325377956229119,0.0,0.0,-0.00399904825227527,0.0,0.0,0.942399588328142,0.3844990320223952,0.0
5.859869749357916e-06,0.9423995882881786,0.0,-10.325336619314028,0.0,0.0,-0.003999048252246358,0.0,0.0,0.9423995882962682,0.3844990320090541,0.0
6.026659578605669e-06,0.9423995882539977,0.0,-10.325377151189592,0.0,0.0,-0.003999048252215776,0.0,0.0,0.942399588262555,0.38449903199494306,0.0
6.198196756912426e-06,0.9423995882178433,0.0,-10.325369722820101,0.0,0.0,-0.003999048252183435,0.0,0.0,0.9423995882268946,0.3844990319800169,0.0
6.374616408363341e-06,0.9423995881796018,0.0,-10.325381369564779,0.0,0.0,-0.003999048252149222,0.0,0.0,0.9423995881891751,0.3844990319642295,0.0
6.556057503088586e-06,0.9423995881391523,0.0,-10.325386599721334,0.0,0.0,-0.003999048252113034,0.0,0.0,0.9423995881492787,0.38449903194752955,0.0
6.742662966733648e-06,0.9423995880963671,0.0,-10.325358655104832,0.0,0.0,-0.003999048252074757,0.0,0.0,0.9423995881070777,0.38449903192986645,0.0
6.9345797930453395e-06,0.9423995880511119,0.0,-10.325357702368096,0.0,0.0,-0.003999048252034271,0.0,0.0,0.9423995880624416,0.38449903191118284,0.0
7.131959159662437e-06,0.9423995880032436,0.0,-10.325326674044703,0.0,0.0,-0.0039990482519914414,0.0,0.0,0.9423995880152273,0.3844990318914209,0.0
7.334956547202062e-06,0.942399587952612,0.0,-10.32538547485098,0.0,0.0,-0.003999048251946148,0.0,0.0,0.9423995879652879,0.3844990318705178,0.0
7.543731861735561e-06,0.942399587899057,0.0,-10.325366792399182,0.0,0.0,-0.003999048251898234,0.0,0.0,0.9423995879124643,0.384499031848408,0.0
7.758449560750557e-06,0.9423995878424092,0.0,-10.325348763059967,0.0,0.0,-0.003999048251847552,0.0,0.0,0.9423995878565912,0.38449903182502143,0.0
7.979278782698142e-06,0.9423995877824918,0.0,-10.32535923765622,0.0,0.0,-0.00399904825179395,0.0,0.0,0.9423995877974919,0.3844990318002848,0.0
8.206393480227446e-06,0.9423995877191144,0.0,-10.32536501484062,0.0,0.0,-0.0039990482517372515,0.0,0.0,0.9423995877349809,0.38449903177412015,0.0
8.43997255721239e-06,0.9423995876520781,0.0,-10.325352461812088,0.0,0.0,-0.003999048251677275,0.0,0.0,0.9423995876688603,0.3844990317464444,0.0
8.680200009678792e-06,0.9423995875811715,0.0,-10.325369245064834,0.0,0.0,-0.003999048251613839,0.0,0.0,0.9423995875989228,0.3844990317171707,0.0
8.927265070742531e-06,0.9423995875061713,0.0,-10.325369265988561,0.0,0.0,-0.0039990482515467425,0.0,0.0,0.9423995875249473,0.3844990316862075,0.0
9.181362359673182e-06,0.9423995874268399,0.0,-10.325370157593321,0.0,0.0,-0.003999048251475768,0.0,0.0,0.9423995874467,0.38449903165345617,0.0
9.442692035200451e-06,0.9423995873429286,0.0,-10.325362662011747,0.0,0.0,-0.003999048251400699,0.0,0.0,0.9423995873639358,0.3844990316188138,0.0
9.711459953184085e-06,0.9423995872541724,0.0,-10.325359089601369,0.0,0.0,-0.00399904825132129,0.0,0.0,0.9423995872763927,0.3844990315821716,0.0
9.987877828771756e-06,0.9423995871602924,0.0,-10.325365211534184,0.0,0.0,-0.0039990482512373025,0.0,0.0,0.9423995871837949,0.3844990315434137,0.0
1.0272163403172267e-05,0.9423995870609916,0.0,-10.325365400298981,0.0,0.0,-0.003999048251148464,0.0,0.0,0.9423995870858517,0.38449903150241815,0.0
1.0564540615175633e-05,0.9423995869559573,0.0,-10.325357575408006,0.0,0.0,-0.003999048251054496,0.0,0.0,0.9423995869822519,0.3844990314590555,0.0
1.0865239777555338e-05,0.9423995868448592,0.0,-10.325363148918955,0.0,0.0,-0.003999048250955105,0.0,0.0,0.9423995868726726,0.38449903141318953,0.0
1.1174497758491336e-05,0.9423995867273464,0.0,-10.325365814349519,0.0,0.0,-0.00399904825084997,0.0,0.0,0.9423995867567658,0.3844990313646748,0.0
1.1492558168156995e-05,0.942399586603049,0.0,-10.325361974985352,0.0,0.0,-0.003999048250738771,0.0,0.0,0.9423995866341666,0.3844990313133594,0.0
1.1819671550616871e-05,0.9423995864715746,0.0,-10.325360013644131,0.0,0.0,-0.003999048250621146,0.0,0.0,0.9423995865044897,0.38449903125908125,0.0
1.2156095581186507e-05,0.9423995863325101,0.0,-10.32535631568829,0.0,0.0,-0.00399904825049673,0.0,0.0,0.9423995863673251,0.38449903120166923,0.0
1.2502095269409549e-05,0.9423995861854165,0.0,-10.325357580390904,0.0,0.0,-0.003999048250365136,0.0,0.0,0.9423995862222412,0.38449903114094275,0.0
1.2857943167812487e-05,0.94239958602983,0.0,-10.325355520469648,0.0,0.0,-0.00399904825022594,0.0,0.0,0.9423995860687817,0.3844990310767098,0.0
1.3223919586600963e-05,0.9423995858652607,0.0,-10.325366523971544,0.0,0.0,-0.003999048250078712,0.0,0.0,0.9423995859064608,0.38449903100876837,0.0
1.360031281446697e-05,0.9423995856911901,0.0,-10.32535910853297,0.0,0.0,-0.003999048249922979,0.0,0.0,0.9423995857347682,0.3844990309369045,0.0
1.3987419345681172e-05,0.9423995855070686,0.0,-10.325352057179014,0.0,0.0,-0.003999048249758254,0.0,0.0,0.9423995855531634,0.38449903086089093,0.0
1.4385544113648672e-05,0.9423995853123175,0.0,-10.325360848485104,0.0,0.0,-0.0039990482495840226,0.0,0.0,0.9423995853610727,0.3844990307804893,0.0
1.4795000731112636e-05,0.9423995851063207,0.0,-10.325359173588447,0.0,0.0,-0.003999048249399728,0.0,0.0,0.9423995851578921,0.384499030695445,0.0
1.5216111737194851e-05,0.942399584888432,0.0,-10.32536369880984,0.0,0.0,-0.003999048249204798,0.0,0.0,0.9423995849429805,0.38449903060549057,0.0
1.5649208851467664e-05,0.9423995846579623,0.0,-10.325362695528893,0.0,0.0,-0.003999048248998609,0.0,0.0,0.9423995847156601,0.38449903051034307,0.0
1.609463323525789e-05,0.942399584414186,0.0,-10.325360679182646,0.0,0.0,-0.003999048248780516,0.0,0.0,0.9423995844752157,0.3844990304097017,0.0
1.6552735760387945e-05,0.9423995841563355,0.0,-10.325360454637698,0.0,0.0,-0.0039990482485498325,0.0,0.0,0.9423995842208884,0.3844990303032496,0.0
1.7023877285566182e-05,0.9423995838835977,0.0,-10.325357742992429,0.0,0.0,-0.003999048248305828,0.0,0.0,0.9423995839518775,0.3844990301906518,0.0
1.7508428940644423e-05,0.9423995835951129,0.0,-10.325364623640503,0.0,0.0,-0.003999048248047736,0.0,0.0,0.9423995836673349,0.38449903007155256,0.0
1.8006772418966018e-05,0.942399583289972,0.0,-10.325358176876481,0.0,0.0,-0.003999048247774744,0.0,0.0,0.9423995833663639,0.38449902994557716,0.0
1.851930027803517e-05,0.9423995829672136,0.0,-10.325360436116856,0.0,0.0,-0.003999048247485991,0.0,0.0,0.9423995830480161,0.3844990298123283,0.0
1.9046416248744217e-05,0.9423995826258205,0.0,-10.325361081781548,0.0,0.0,-0.003999048247180565,0.0,0.0,0.9423995827112875,0.3844990296713862,0.0
1.958853555340248e-05,0.9423995822647159,0.0,-10.325360640870873,0.0,0.0,-0.003999048246857503,0.0,0.0,0.9423995823551179,0.38449902952230686,0.0
2.0146085232817037e-05,0.9423995818827627,0.0,-10.325359356218849,0.0,0.0,-0.003999048246515795,0.0,0.0,0.942399581978384,0.3844990293646198,0.0
2.0719504482683542e-05,0.942399581478757,0.0,-10.325361935174792,0.0,0.0,-0.003999048246154353,0.0,0.0,0.9423995815799001,0.3844990291978286,0.0
2.1309244999551478e-05,0.9423995810514258,0.0,-10.32536200919793,0.0,0.0,-0.003999048245772044,0.0,0.0,0.9423995811584079,0.3844990290214074,0.0
2.1915771336636564e-05,0.9423995805994214,0.0,-10.325362539514357,0.0,0.0,-0.003999048245367663,0.0,0.0,0.9423995807125802,0.3844990288348007,0.0
2.253956126976109e-05,0.942399580121321,0.0,-10.325361149730357,0.0,0.0,-0.003999048244939932,0.0,0.0,0.9423995802410132,0.3844990286374199,0.0
2.3181106173709626e-05,0.9423995796156163,0.0,-10.325359283562078,0.0,0.0,-0.003999048244487508,0.0,0.0,0.9423995797422191,0.38449902842864303,0.0
2.3840911409297112e-05,0.9423995790807141,0.0,-10.325359444964382,0.0,0.0,-0.003999048244008958,0.0,0.0,0.9423995792146265,0.384499028207812,0.0
2.4519496721454177e-05,0.9423995785149287,0.0,-10.325360082697705,0.0,0.0,-0.003999048243502781,0.0,0.0,0.9423995786565722,0.3844990279742311,0.0
2.5217396648642885e-05,0.9423995779164771,0.0,-10.325360561429973,0.0,0.0,-0.003999048242967381,0.0,0.0,0.942399578066299,0.384499027727164,0.0
2.593516094392622e-05,0.9423995772834728,0.0,-10.325361877219935,0.0,0.0,-0.003999048242401067,0.0,0.0,0.9423995774419449,0.38449902746583275,0.0
2.667335500802206e-05,0.9423995766139209,0.0,-10.32535973180068,0.0,0.0,-0.0039990482418020565,0.0,0.0,0.9423995767815427,0.38449902718941253,0.0
2.743256033468315e-05,0.9423995759057123,0.0,-10.325360995781766,0.0,0.0,-0.003999048241168464,0.0,0.0,0.9423995760830117,0.38449902689703286,0.0
2.821337496875447e-05,0.9423995751566142,0.0,-10.325360351233106,0.0,0.0,-0.0039990482404982895,0.0,0.0,0.9423995753441505,0.3844990265877726,0.0
2.9016413977267764e-05,0.9423995743642656,0.0,-10.325360238634177,0.0,0.0,-0.003999048239789418,0.0,0.0,0.9423995745626295,0.3844990262606569,0.0
2.9842309933945116e-05,0.9423995735261704,0.0,-10.32536129835717,0.0,0.0,-0.003999048239039624,0.0,0.0,0.9423995737359872,0.3844990259146542,0.0
3.0691713417492957e-05,0.9423995726396862,0.0,-10.325361817039878,0.0,0.0,-0.003999048238246538,0.0,0.0,0.9423995728616171,0.38449902554867543,0.0
3.156529352407911e-05,0.9423995717020202,0.0,-10.325359916359703,0.0,0.0,-0.0039990482374076585,0.0,0.0,0.9423995719367644,0.38449902516156553,0.0
3.246373839439611e-05,0.9423995707102159,0.0,-10.3253590519087,0.0,0.0,-0.003999048236520346,0.0,0.0,0.9423995709585138,0.38449902475210596,0.0
3.338775575572711e-05,0.9423995696611498,0.0,-10.325360899929956,0.0,0.0,-0.0039990482355818065,0.0,0.0,0.942399569923783,0.38449902431900557,0.0
3.433807347944e-05,0.9423995685515141,0.0,-10.325361922594208,0.0,0.0,-0.003999048234589078,0.0,0.0,0.9423995688293103,0.38449902386089957,0.0
3.531544015434949e-05,0.9423995673778113,0.0,-10.325361105513096,0.0,0.0,-0.003999048233539034,0.0,0.0,0.9423995676716472,0.38449902337634445,0.0
3.632062567639947e-05,0.9423995661363442,0.0,-10.325360846710076,0.0,0.0,-0.003999048232428364,0.0,0.0,0.9423995664471446,0.3844990228638127,0.0
3.7354421855128875e-05,0.9423995648231993,0.0,-10.325360742375358,0.0,0.0,-0.003999048231253566,0.0,0.0,0.9423995651519441,0.3844990223216893,0.0
3.8417643037399724e-05,0.9423995634342383,0.0,-10.32535975224228,0.0,0.0,-0.003999048230010939,0.0,0.0,0.9423995637819631,0.3844990217482654,0.0
3.95111267488784e-05,0.9423995619650838,0.0,-10.325359606182934,0.0,0.0,-0.003999048228696569,0.0,0.0,0.9423995623328851,0.38449902114173456,0.0
4.063573435377506e-05,0.942399560411106,0.0,-10.325362081855316,0.0,0.0,-0.003999048227306313,0.0,0.0,0.9423995608001433,0.38449902050018464,0.0
4.1792351733362016e-05,0.9423995587674069,0.0,-10.325360671374872,0.0,0.0,-0.003999048225835793,0.0,0.0,0.9423995591789058,0.3844990198215943,0.0
4.2981889983804156e-05,0.9423995570288077,0.0,-10.325361841799063,0.0,0.0,-0.00399904822428036,0.0,0.0,0.9423995574640647,0.38449901910382467,0.0
4.420528613385168e-05,0.9423995551898272,0.0,-10.32536054911426,0.0,0.0,-0.003999048222635127,0.0,0.0,0.9423995556502145,0.3844990183446135,0.0
4.546350388296139e-05,0.9423995532446712,0.0,-10.325360966631175,0.0,0.0,-0.003999048220894905,0.0,0.0,0.9423995537316396,0.38449901754156846,0.0
4.675753436042629e-05,0.9423995511872088,0.0,-10.325360999372304,0.0,0.0,-0.003999048219054212,0.0,0.0,0.9423995517022936,0.3844990166921584,0.0
4.808839690611274e-05,0.9423995490109569,0.0,-10.325360949215142,0.0,0.0,-0.003999048217107241,0.0,0.0,0.94239954955578,0.38449901579370704,0.0
4.945713987341975e-05,0.9423995467090558,0.0,-10.325359715567659,0.0,0.0,-0.003999048215047859,0.0,0.0,0.9423995472853345,0.3844990148433818,0.0
5.0864841455093035e-05,0.9423995442742523,0.0,-10.325361317802267,0.0,0.0,-0.003999048212869578,0.0,0.0,0.9423995448838035,0.38449901383818863,0.0
5.2312610532543714e-05,0.9423995416988713,0.0,-10.325360475871884,0.0,0.0,-0.003999048210565527,0.0,0.0,0.9423995423436158,0.3844990127749596,0.0
5.38015875493423e-05,0.9423995389747972,0.0,-10.325360328825404,0.0,0.0,-0.003999048208128451,0.0,0.0,0.9423995396567677,0.3844990116503434,0.0
5.533294540957405e-05,0.9423995360934465,0.0,-10.325360201394686,0.0,0.0,-0.003999048205550669,0.0,0.0,0.9423995368147912,0.3844990104607961,0.0
5.6907890401764265e-05,0.9423995330457373,0.0,-10.325360490181145,0.0,0.0,-0.003999048202824059,0.0,0.0,0.9423995338087295,0.38449900920256924,0.0
5.852766314910223e-05,0.9423995298220642,0.0,-10.32536025963381,0.0,0.0,-0.003999048199940019,0.0,0.0,0.9423995306291091,0.3844990078716966,0.0
6.01935395867105e-05,0.9423995264122682,0.0,-10.325360349927832,0.0,0.0,-0.003999048196889465,0.0,0.0,0.9423995272659087,0.3844990064639845,0.0
6.190683196673063e-05,0.942399522805604,0.0,-10.325360117251755,0.0,0.0,-0.003999048193662783,0.0,0.0,0.9423995237085299,0.3844990049749962,0.0
6.366888989201686e-05,0.9423995189907044,0.0,-10.325360497212204,0.0,0.0,-0.003999048190249807,0.0,0.0,0.942399519945762,0.3844990034000394,0.0
6.548110137925122e-05,0.9423995149555465,0.0,-10.325360350795048,0.0,0.0,-0.003999048186639777,0.0,0.0,0.9423995159657456,0.38449900173415025,0.0
6.73448939523194e-05,0.9423995106874133,0.0,-10.3253602705858,0.0,0.0,-0.003999048182821325,0.0,0.0,0.9423995117559373,0.3844989999720792,0.0
6.926173576680631e-05,0.9423995061728537,0.0,-10.325360032752428,0.0,0.0,-0.003999048178782399,0.0,0.0,0.9423995073030705,0.3844989981082726,0.0
7.123313676649825e-05,0.942399501397642,0.0,-10.325360016930787,0.0,0.0,-0.00399904817451028,0.0,0.0,0.9423995025931128,0.384498996136857,0.0
7.326064987280371e-05,0.942399496346726,0.0,-10.325359700456856,0.0,0.0,-0.003999048169991511,0.0,0.0,0.9423994976112201,0.3844989940516192,0.0
7.534587220802769e-05,0.9423994910041894,0.0,-10.325359944446854,0.0,0.0,-0.003999048165211845,0.0,0.0,0.9423994923416901,0.38449899184598746,0.0
7.749044635346445e-05,0.9423994853531951,0.0,-10.325359890736442,0.0,0.0,-0.003999048160156222,0.0,0.0,0.9423994867679177,0.3844989895130107,0.0
7.969606164329965e-05,0.9423994793759337,0.0,-10.325360125779017,0.0,0.0,-0.003999048154808698,0.0,0.0,0.9423994808723374,0.3844989870453369,0.0
8.19644554953408e-05,0.9423994730535666,0.0,-10.325359586891805,0.0,0.0,-0.0039990481491524316,0.0,0.0,0.9423994746363671,0.38449898443518854,0.0
8.429741477962369e-05,0.9423994663661707,0.0,-10.325359704185804,0.0,0.0,-0.003999048143169592,0.0,0.0,0.942399468040356,0.3844989816743402,0.0
8.669677722597519e-05,0.9423994592926689,0.0,-10.325359670375411,0.0,0.0,-0.00399904813684133,0.0,0.0,0.9423994610635156,0.3844989787540912,0.0
8.916443287163803e-05,0.9423994518107703,0.0,-10.32535964806119,0.0,0.0,-0.003999048130147689,0.0,0.0,0.9423994536838588,0.3844989756652371,0.0
9.17023255500995e-05,0.9423994438968945,0.0,-10.325359392305916,0.0,0.0,-0.003999048123067591,0.0,0.0,0.9423994458781282,0.38449897239804487,0.0
9.431245442229824e-05,0.9423994355261004,0.0,-10.325359292779343,0.0,0.0,-0.0039990481155787105,0.0,0.0,0.9423994376217234,0.3844989689422167,0.0
9.699687555141212e-05,0.9423994266720097,0.0,-10.32535917900813,0.0,0.0,-0.003999048107657453,0.0,0.0,0.9423994288886257,0.3844989652868623,0.0
9.975770352247041e-05,0.9423994173067161,0.0,-10.325359083903633,0.0,0.0,-0.003999048099278846,0.0,0.0,0.9423994196513115,0.3844989614204609,0.0
0.0001025971131080648,0.942399407400706,0.0,-10.325359098025274,0.0,0.0,-0.003999048090416497,0.0,0.0,0.9423994098806698,0.3844989573308287,0.0
0.00010551734098147142,0.9423993969227594,0.0,-10.325358800747216,0.0,0.0,-0.003999048081042463,0.0,0.0,0.942399399545907,0.3844989530050764,0.0
0.00010852068747853394,0.9423993858398562,0.0,-10.325358553193725,0.0,0.0,-0.003999048071127212,0.0,0.0,0.942399388614454,0.3844989484295712,0.0
0.00011160951840969542,0.9423993741170676,0.0,-10.325358555287526,0.0,0.0,-0.00399904806063949,0.0,0.0,0.9423993770518604,0.38449894358989356,0.0
0.00011478626692360511,0.9423993617174496,0.0,-10.32535837433404,0.0,0.0,-0.003999048049546239,0.0,0.0,0.9423993648216864,0.3844989384707915,0.0
0.00011805343542377077,0.9423993486019233,0.0,-10.325358163960596,0.0,0.0,-0.003999048037812515,0.0,0.0,0.942399351885387,0.3844989330561316,0.0
0.00012141359753976303,0.9423993347291572,0.0,-10.325358101782724,0.0,0.0,-0.003999048025401326,0.0,0.0,0.9423993382021959,0.38449892732884916,0.0
0.000124869400154528,0.9423993200554283,0.0,-10.325357925005095,0.0,0.0,-0.003999048012273563,0.0,0.0,0.9423993237289874,0.3844989212708953,0.0
0.00012842356548940176,0.9423993045344947,0.0,-10.3253576241814,0.0,0.0,-0.003999047998387846,0.0,0.0,0.9423993084201513,0.3844989148631778,0.0
0.0001320788932484723,0.9423992881174404,0.0,-10.325357425029559,0.0,0.0,-0.0039990479837004244,0.0,0.0,0.9423992922274407,0.3844989080855031,0.0
0.00013583826282397506,0.9423992707525283,0.0,-10.32535718162606,0.0,0.0,-0.003999047968165006,0.0,0.0,0.9423992750998238,0.3844989009165112,0.0
0.00013970463556446213,0.9423992523850301,0.0,-10.325356932525517,0.0,0.0,-0.0039990479517326314,0.0,0.0,0.9423992569833229,0.3844988933336082,0.0
0.00014368105710752977,0.9423992329570633,0.0,-10.325356735450464,0.0,0.0,-0.003999047934351506,0.0,0.0,0.9423992378208434,0.38449888531289766,0.0
0.00014777065977894196,0.9423992124073979,0.0,-10.325356415301144,0.0,0.0,-0.003999047915966867,0.0,0.0,0.9423992175519952,0.38449887682910106,0.0
0.00015197666506004215,0.9423991906712738,0.0,-10.325356120662327,0.0,0.0,-0.003999047896520764,0.0,0.0,0.9423991961129,0.38449886785548243,0.0
0.0001563023861253926,0.9423991676801882,0.0,-10.325355939531494,0.0,0.0,-0.0039990478759519225,0.0,0.0,0.9423991734359933,0.38449885836376063,0.0
0.00016075123045264548,0.9423991433616827,0.0,-10.32535563898729,0.0,0.0,-0.003999047854195506,0.0,0.0,0.9423991494498072,0.38449884832402287,0.0
0.000165326702506696,0.9423991176391203,0.0,-10.325355364533145,0.0,0.0,-0.003999047831182956,0.0,0.0,0.9423991240787503,0.38449883770462884,0.0
0.00017003240650023758,0.9423990904314336,0.0,-10.325354943986017,0.0,0.0,-0.003999047806841752,0.0,0.0,0.9423990972428634,0.3844988264721109,0.0
0.0001748720492328882,0.942399061652879,0.0,-10.32535455105603,0.0,0.0,-0.003999047781095174,0.0,0.0,0.9423990688575749,0.3844988145910707,0.0
0.00017984944301112964,0.9423990312127603,0.0,-10.325354197861957,0.0,0.0,-0.003999047753862084,0.0,0.0,0.9423990388334277,0.38449880202406406,0.0
0.00018496850865135428,0.942398999015145,0.0,-10.325353849698688,0.0,0.0,-0.003999047725056658,0.0,0.0,0.9423990070758009,0.38449878873148646,0.0
0.00019023327856839087,0.9423989649585615,0.0,-10.325353335746765,0.0,0.0,-0.0039990476945881105,0.0,0.0,0.94239897348461,0.38449877467144566,0.0
0.00019564789995193594,0.9423989289356799,0.0,-10.325352882979887,0.0,0.0,-0.003999047662360427,0.0,0.0,0.9423989379539899,0.3844987597996317,0.0
0.00020121663803339957,0.9423988908329763,0.0,-10.325352439028464,0.0,0.0,-0.003999047628272043,0.0,0.0,0.9423989003719693,0.3844987440691766,0.0
0.00020694387944573218,0.9423988505303678,0.0,-10.325351903991091,0.0,0.0,-0.003999047592215517,0.0,0.0,0.9423988606201064,0.3844987274305046,0.0
0.00021283413567888562,0.9423988079008394,0.0,-10.32535136804615,0.0,0.0,-0.003999047554077222,0.0,0.0,0.9423988185731216,0.3844987098311794,0.0
0.00021889204663362387,0.9423987628100471,0.0,-10.325350845144376,0.0,0.0,-0.0039990475137369665,0.0,0.0,0.9423987740985065,0.38449869121573677,0.0
0.0002251223842764894,0.9423987151158855,0.0,-10.325350203231395,0.0,0.0,-0.003999047471067611,0.0,0.0,0.9423987270560972,0.38449867152550987,0.0
0.00023153005639879866,0.9423986646680462,0.0,-10.325349630871811,0.0,0.0,-0.003999047425934692,0.0,0.0,0.9423986772976407,0.3844986506984452,0.0
0.00023812011048263045,0.9423986113075415,0.0,-10.325348927190262,0.0,0.0,-0.003999047378195963,0.0,0.0,0.9423986246663211,0.38449862866890566,0.0
0.00024489773767685395,0.9423985548662087,0.0,-10.325348215101547,0.0,0.0,-0.003999047327700985,0.0,0.0,0.9423985689962735,0.38449860536746555,0.0
0.0002518682768863234,0.9423984951661711,0.0,-10.325347474910446,0.0,0.0,-0.003999047274290617,0.0,0.0,0.9423985101120518,0.3844985807206905,0.0
0.00025903721897746815,0.9423984320192841,0.0,-10.325346694934538,0.0,0.0,-0.003999047217796531,0.0,0.0,0.9423984478280837,0.3844985546509058,0.0
0.00026641021110358136,0.942398365226541,0.0,-10.325345831964047,0.0,0.0,-0.003999047158040684,0.0,0.0,0.9423983819480807,0.38449852707595306,0.0
0.0002739930611532253,0.9423982945774455,0.0,-10.325344948160248,0.0,0.0,-0.0039990470948347585,0.0,0.0,0.9423983122644228,0.3844984979089296,0.0
0.00028179174232524683,0.9423982198493455,0.0,-10.325344020747185,0.0,0.0,-0.003999047027979561,0.0,0.0,0.942398238557501,0.3844984670579163,0.0
0.00028981239783401586,0.9423981408067387,0.0,-10.325343029030519,0.0,0.0,-0.003999046957264402,0.0,0.0,0.9423981605950311,0.38449843442568576,0.0
0.00029806134574858587,0.9423980572005203,0.0,-10.325341943268343,0.0,0.0,-0.003999046882466403,0.0,0.0,0.9423980781313126,0.38449839990939844,0.0
0.0003065450839695952,0.9423979687672069,0.0,-10.325340862477473,0.0,0.0,-0.003999046803349861,0.0,0.0,0.9423979909064635,0.3844983634002763,0.0
0.0003152702953478224,0.9423978752281029,0.0,-10.325339700209744,0.0,0.0,-0.003999046719665424,0.0,0.0,0.9423978986455962,0.38449832478326146,0.0
0.0003242438529484356,0.9423977762884211,0.0,-10.325338446488361,0.0,0.0,-0.003999046631149358,0.0,0.0,0.9423978010579499,0.3844982839366522,0.0
0.00033347282546507376,0.9423976716363538,0.0,-10.325337155410907,0.0,0.0,-0.003999046537522713,0.0,0.0,0.9423976978359795,0.3844982407317216,0.0
0.00034296448278803423,0.9423975609420924,0.0,-10.32533573084744,0.0,0.0,-0.003999046438490401,0.0,0.0,0.942397588654383,0.3844981950323107,0.0
0.00035272630173094306,0.9423974438567866,0.0,-10.325334270387495,0.0,0.0,-0.003999046333740351,0.0,0.0,0.9423974731690778,0.38449814669439814,0.0
0.0003627659719204284,0.9423973200114448,0.0,-10.325332736834335,0.0,0.0,-0.003999046222942424,0.0,0.0,0.9423973510161139,0.3844980955656478,0.0
0.00037309140185342915,0.9423971890157713,0.0,-10.325331098496738,0.0,0.0,-0.003999046105747442,0.0,0.0,0.94239722181053,0.38449804148492966,0.0
0.00038371072512691267,0.9423970504569362,0.0,-10.325329344709834,0.0,0.0,-0.00399904598178606,0.0,0.0,0.9423970851451353,0.38449798428180915,0.0
0.00039463230684491326,0.942396903898276,0.0,-10.325327506682575,0.0,0.0,-0.003999045850667622,0.0,0.0,0.9423969405892373,0.38449792377601255,0.0
0.0004058647502079287,0.9423967488779169,0.0,-10.325325558603557,0.0,0.0,-0.003999045711978893,0.0,0.0,0.9423967876872712,0.38449785977685813,0.0
0.0004174169032898778,0.9423965849073177,0.0,-10.325323504940352,0.0,0.0,-0.003999045565282798,0.0,0.0,0.9423966259573706,0.38449779208265455,0.0
0.0004292978660079439,0.94239641146973,0.0,-10.325321329489466,0.0,0.0,-0.003999045410117022,0.0,0.0,0.9423964548898518,0.38449772048006603,0.0
0.0004415169972908087,0.9423962280185746,0.0,-10.325319020025209,0.0,0.0,-0.003999045245992564,0.0,0.0,0.9423962739456035,0.3844976447434411,0.0
0.00045408392245090877,0.9423960339757129,0.0,-10.325316598592883,0.0,0.0,-0.003999045072392181,0.0,0.0,0.9423960825543873,0.38449756463409834,0.0
0.0004670085407665358,0.9423958287296298,0.0,-10.325314029374123,0.0,0.0,-0.003999044888768765,0.0,0.0,0.942395880113043,0.3844974798995778,0.0
0.0004803010332797402,0.9423956116335025,0.0,-10.325311300456914,0.0,0.0,-0.003999044694543626,0.0,0.0,0.942395665983589,0.384497390272843,0.0
0.0004939718708161937,0.9423953820031655,0.0,-10.32530841408298,0.0,0.0,-0.003999044489104665,0.0,0.0,0.9423954394912092,0.3844972954714409,0.0
0.0005080318222333142,0.9423951391149541,0.0,-10.325305374189401,0.0,0.0,-0.003999044271804444,0.0,0.0,0.9423951999221266,0.38449719519661096,0.0
0.0005224919629031658,0.9423948822034218,0.0,-10.325302145511777,0.0,0.0,-0.0039990440419581195,0.0,0.0,0.9423949465213559,0.38449708913234343,0.0
0.000537363683436799,0.9423946104589325,0.0,-10.325298741111613,0.0,0.0,-0.003999043798841343,0.0,0.0,0.9423946784903232,0.3844969769443852,0.0
0.0005526586986569221,0.9423943230251036,0.0,-10.325295135442756,0.0,0.0,-0.0039990435416879366,0.0,0.0,0.9423943949843503,0.3844968582791846,0.0
0.0005683890568259543,0.9423940189961133,0.0,-10.325291321960947,0.0,0.0,-0.003999043269687462,0.0,0.0,0.942394095109992,0.38449673276277874,0.0
0.00058456714913674,0.9423936974138389,0.0,-10.325287288160665,0.0,0.0,-0.0039990429819827195,0.0,0.0,0.9423937779222218,0.3844965999996127,0.0
0.0006012057194734015,0.9423933572648482,0.0,-10.325283017971962,0.0,0.0,-0.003999042677666996,0.0,0.0,0.9423934424214522,0.38449645957129835,0.0
0.000618317874450008,0.9423929974771962,0.0,-10.325278504249475,0.0,0.0,-0.003999042355781248,0.0,0.0,0.9423930875503895,0.38449631103528886,0.0
0.0006359170937349853,0.942392616917052,0.0,-10.32527372965057,0.0,0.0,-0.003999042015311044,0.0,0.0,0.942392712190695,0.38449615392349024,0.0
0.0006540172406693789,0.9423922143851248,0.0,-10.32526868194103,0.0,0.0,-0.0039990416551833954,0.0,0.0,0.9423923151594685,0.3844959877407827,0.0
0.0006726325731873567,0.9423917886128881,0.0,-10.325263338921578,0.0,0.0,-0.003999041274263354,0.0,0.0,0.9423918952055159,0.38449581196346355,0.0
0.0006917777550475318,0.9423913382585772,0.0,-10.325257690110728,0.0,0.0,-0.003999040871350446,0.0,0.0,0.9423914510054094,0.3844956260375939,0.0
0.000711467867383974,0.9423908619029656,0.0,-10.32525171431297,0.0,0.0,-0.003999040445174901,0.0,0.0,0.9423909811593174,0.3844954293772549,0.0
0.0007317184205859866,0.9423903580448911,0.0,-10.32524539601502,0.0,0.0,-0.0039990399943936215,0.0,0.0,0.9423904841865907,0.3844952213627022,0.0
0.0007525453665160305,0.9423898250965285,0.0,-10.325238709682178,0.0,0.0,-0.00399903951758596,0.0,0.0,0.9423899585211002,0.3844950013384116,0.0
0.0007739651110753956,0.9423892613783837,0.0,-10.32523163515457,0.0,0.0,-0.003999039013249268,0.0,0.0,0.942389402506304,0.38449476861101484,0.0
0.0007959945271275413,0.9423886651140031,0.0,-10.32522415416111,0.0,0.0,-0.003999038479794126,0.0,0.0,0.942388814390027,0.3844945224471157,0.0
0.0008186509677892636,0.9423880344243794,0.0,-10.3252162447019,0.0,0.0,-0.003999037915539358,0.0,0.0,0.9423881923189328,0.38449426207097614,0.0
0.00084195228010018,0.9423873673220236,0.0,-10.325207876160658,0.0,0.0,-0.003999037318706705,0.0,0.0,0.9423875343326972,0.3844939866620755,0.0
0.0008659168190812825,0.942386661704713,0.0,-10.325199025384721,0.0,0.0,-0.003999036687415262,0.0,0.0,0.9423868383578221,0.3844936953525243,0.0
0.0008905634621936402,0.9423859153488616,0.0,-10.325189660869096,0.0,0.0,-0.003999036019675518,0.0,0.0,0.9423861022011095,0.3844933872243299,0.0
0.0009159116242086486,0.9423851259025164,0.0,-10.32517975775129,0.0,0.0,-0.0039990353133830935,0.0,0.0,0.9423853235427455,0.38449306130650407,0.0
0.0009419812725015193,0.9423842908779506,0.0,-10.325169282428293,0.0,0.0,-0.00399903456631211,0.0,0.0,0.9423844999289964,0.38449271657200357,0.0
0.0009687929427800833,0.9423834076438199,0.0,-10.325158204089531,0.0,0.0,-0.003999033776108192,0.0,0.0,0.9423836287644789,0.3844923519344948,0.0
0.0009963677552612693,0.9423824734168788,0.0,-10.325146482039496,0.0,0.0,-0.003999032940281014,0.0,0.0,0.9423827073039792,0.384491966244935,0.0
0.0010247274313080297,0.9423814852532104,0.0,-10.32513408677379,0.0,0.0,-0.003999032056196484,0.0,0.0,0.9423817326438111,0.3844915582879454,0.0
0.0010538943105397878,0.9423804400389542,0.0,-10.325120972398942,0.0,0.0,-0.003999031121068426,0.0,0.0,0.9423807017126643,0.38449112677798813,0.0
0.001083891368429919,0.9423793344804922,0.0,-10.325107105177473,0.0,0.0,-0.003999030131949803,0.0,0.0,0.9423796112619297,0.38449067035531637,0.0
0.00111474223440409,0.9423781650940821,0.0,-10.325092436836837,0.0,0.0,-0.003999029085723428,0.0,0.0,0.942378457855472,0.38449018758168835,0.0
0.0011464712104537534,0.9423769281948763,0.0,-10.325076917134856,0.0,0.0,-0.003999027979092137,0.0,0.0,0.942377237858795,0.3844896769358379,0.0
0.0011791032902794185,0.9423756198853207,0.0,-10.32506050721684,0.0,0.0,-0.00399902680856842,0.0,0.0,0.9423759474276092,0.38448913680868624,0.0
0.0012126641789788175,0.9423742360428728,0.0,-10.325043146496004,0.0,0.0,-0.003999025570463408,0.0,0.0,0.9423745824957036,0.3844885654982675,0.0
0.001247180313295439,0.9423727723070242,0.0,-10.32502478344057,0.0,0.0,-0.003999024260875241,0.0,0.0,0.9423731387621613,0.384487961204375,0.0
0.0012826788824434148,0.9423712240655636,0.0,-10.325005362303994,0.0,0.0,-0.003999022875676804,0.0,0.0,0.9423716116777934,0.38448732202288627,0.0
0.0013191878495251283,0.9423695864400472,0.0,-10.324984818290911,0.0,0.0,-0.003999021410502702,0.0,0.0,0.9423699964308244,0.3844866459397677,0.0
0.001356735973558451,0.9423678542704456,0.0,-10.324963088043273,0.0,0.0,-0.003999019860735495,0.0,0.0,0.9423682879317349,0.3844859308247337,0.0
0.0013953528321309309,0.9423660220988805,0.0,-10.324940103986728,0.0,0.0,-0.003999018221491164,0.0,0.0,0.942366480797233,0.38448517442453645,0.0
0.0014350688446987852,0.942364084152451,0.0,-10.324915793293092,0.0,0.0,-0.00399901648760372,0.0,0.0,0.9423645693333019,0.38448437435586913,0.0
0.0014759152965490702,0.9423620343250487,0.0,-10.324890079385186,0.0,0.0,-0.003999014653608884,0.0,0.0,0.9423625475172768,0.3844835280978647,0.0
0.001517924363443866,0.9423598661581296,0.0,-10.324862878706096,0.0,0.0,-0.003999012713726946,0.0,0.0,0.9423604089788704,0.3844826329841559,0.0
0.0015611291369659326,0.9423575728203839,0.0,-10.324834110184577,0.0,0.0,-0.003999010661844485,0.0,0.0,0.9423581469801232,0.3844816861944801,0.0
0.001605563650585757,0.9423551470862273,0.0,-10.32480367991381,0.0,0.0,-0.003999008491495124,0.0,0.0,0.9423557543941914,0.384480684745802,0.0
0.0016512629064705745,0.9423525813130518,0.0,-10.324771491637193,0.0,0.0,-0.003999006195839168,0.0,0.0,0.9423532236829033,0.3844796254829204,0.0
0.0016982629030564294,0.9423498674171715,0.0,-10.324737447201167,0.0,0.0,-0.003999003767642031,0.0,0.0,0.9423505468730363,0.38447850506853665,0.0
0.0017466006634050488,0.9423469968483674,0.0,-10.324701437065132,0.0,0.0,-0.003999001199251452,0.0,0.0,0.9423477155312142,0.38447731997274937,0.0
0.001796314264367811,0.9423439605629842,0.0,-10.324663347883781,0.0,0.0,-0.003998998482573369,0.0,0.0,0.9423447207373649,0.384476066461944,0.0
0.0018474428665798401,0.9423407489954668,0.0,-10.324623059110799,0.0,0.0,-0.003998995609046427,0.0,0.0,0.9423415530566442,0.38447474058704206,0.0
0.0019000267453077922,0.9423373520282471,0.0,-10.324580444709587,0.0,0.0,-0.0039989925696150026,0.0,0.0,0.9423382025097472,0.3844733381710733,0.0
0.0019541073221756976,0.9423337589599198,0.0,-10.324535370537077,0.0,0.0,-0.003998989354700647,0.0,0.0,0.9423346585414999,0.38447185479602886,0.0
0.0020097271977937833,0.9423299584715537,0.0,-10.324487693745414,0.0,0.0,-0.00399898595417193,0.0,0.0,0.94233090998765,0.3844702857889629,0.0
0.0020669301853160457,0.9423259385910951,0.0,-10.32443726561963,0.0,0.0,-0.003998982357312499,0.0,0.0,0.9423269450397393,0.38446862620729083,0.0
0.0021257613449529415,0.9423216866556907,0.0,-10.324383925843819,0.0,0.0,-0.003998978552787334,0.0,0.0,0.9423227512079566,0.3844668708232349,0.0
0.0021862670194664454,0.942317189271861,0.0,-10.324327507416237,0.0,0.0,-0.003998974528607,0.0,0.0,0.9423183152818464,0.38446501410738537,0.0
0.002248494870675386,0.9423124322733758,0.0,-10.324267832558673,0.0,0.0,-0.003998970272089893,0.0,0.0,0.9423136232887587,0.3844630502113041,0.0
0.0023124939169998355,0.9423074006766944,0.0,-10.324204712549118,0.0,0.0,-0.003998965769822275,0.0,0.0,0.942308660449905,0.38446097294913495,0.0
0.0023783145720741483,0.9423020786338537,0.0,-10.324137948276254,0.0,0.0,-0.0039989610076160064,0.0,0.0,0.9423034111338874,0.3844587757781482,0.0
0.0024460086844590107,0.9422964493826406,0.0,-10.324067330819526,0.0,0.0,-0.003998955970463865,0.0,0.0,0.9422978588075455,0.3844564517781731,0.0
0.002515629578483858,0.9422904951938892,0.0,-10.323992636966683,0.0,0.0,-0.0039989506424922125,0.0,0.0,0.9422919859839892,0.38445399362983884,0.0
0.0025872320962517484,0.9422841973157602,0.0,-10.323913631950022,0.0,0.0,-0.003998945006911043,0.0,0.0,0.9422857741676203,0.38445139359157043,0.0
0.002660872640839866,0.9422775359147991,0.0,-10.323830066178697,0.0,0.0,-0.0039989390459610405,0.0,0.0,0.9422792037960089,0.3844486434752551,0.0
0.0027366092207296035,0.9422704900136188,0.0,-10.323741676988972,0.0,0.0,-0.003998932740857628,0.0,0.0,0.9422722541784252,0.3844457346205141,0.0
0.0028145014955012993,0.9422630374249894,0.0,-10.323648186300652,0.0,0.0,-0.003998926071731842,0.0,0.0,0.9422649034308291,0.38444265786749465,0.0
0.002894610822829547,0.9422551546821434,0.0,-10.323549299442938,0.0,0.0,-0.003998919017567654,0.0,0.0,0.9422571284071232,0.3844394035280938,0.0
0.0029770003068161762,0.9422468169650738,0.0,-10.323444705048736,0.0,0.0,-0.003998911556135814,0.0,0.0,0.9422489046264679,0.3844359613555332,0.0
0.003061734847698896,0.9422379980225991,0.0,-10.323334073758193,0.0,0.0,-0.00399890366392379,0.0,0.0,0.9422402061964023,0.3844323205121837,0.0
0.003148881192974842,0.9422286700899496,0.0,-10.323217057663358,0.0,0.0,-0.003998895316061759,0.0,0.0,0.9422310057315598,0.384428469535541,0.0
0.0032385079899792096,0.9422188038016267,0.0,-10.323093287927502,0.0,0.0,-0.003998886486244169,0.0,0.0,0.9422212742677196,0.384424396302249,0.0
0.0033306858399604834,0.9422083680992499,0.0,-10.322962374783446,0.0,0.0,-0.0039988771466469555,0.0,0.0,0.9422109811709111,0.38442008799005906,0.0
0.0034254873536947797,0.9421973301341283,0.0,-10.32282390707811,0.0,0.0,-0.003998867267839842,0.0,0.0,0.9422000940413167,0.3844155310376039,0.0
0.003522987208683143,0.9421856551642336,0.0,-10.322677447977355,0.0,0.0,-0.003998856818693665,0.0,0.0,0.9421885786116541,0.38441071110186253,0.0
0.003623262207976888,0.9421733064452671,0.0,-10.32252253698513,0.0,0.0,-0.003998845766282322,0.0,0.0,0.9421763986397277,0.3844056130131907,0.0
0.003726391340677239,0.9421602451154883,0.0,-10.322358686909773,0.0,0.0,-0.003998834075779032,0.0,0.0,0.9421635157948363,0.3844002207277741,0.0
0.003832455844157029,0.9421464300739358,0.0,-10.322185381467495,0.0,0.0,-0.0039988217103466735,0.0,0.0,0.9421498895376554,0.38439451727734875,0.0
0.003941539268053362,0.9421318178516852,0.0,-10.322002076013707,0.0,0.0,-0.0039988086310217465,0.0,0.0,0.9421354769932515,0.3843884847160536,0.0
0.004053727540081762,0.942116362475721,0.0,-10.321808193485081,0.0,0.0,-0.003998794796591683,0.0,0.0,0.9421202328168181,0.38438210406423096,0.0
0.004169109033723534,0.9421000153250416,0.0,-10.321603124003037,0.0,0.0,-0.003998780163465011,0.0,0.0,0.9421041090517458,0.38437535524901795,0.0
0.004287774637839775,0.9420827249785152,0.0,-10.321386222639312,0.0,0.0,-0.003998764685534134,0.0,0.0,0.942087054979556,0.38436821704153895,0.0
0.0044098178282667485,0.9420644370540554,0.0,-10.321156807230718,0.0,0.0,-0.003998748314030082,0.0,0.0,0.9420690169612714,0.38436066699050475,0.0
0.00453533474144915,0.9420450940385985,0.0,-10.320914156138846,0.0,0.0,-0.003998730997368971,0.0,0.0,0.9420499382697252,0.384352681352026,0.0
0.004664424250169134,0.9420246351083896,0.0,-10.320657506660956,0.0,0.0,-0.003998712680989572,0.0,0.0,0.9420297589122876,0.384344235015416,0.0
0.004797188041430887,0.9420029959390034,0.0,-10.320386051652758,0.0,0.0,-0.00399869330718151,0.0,0.0,0.9420084154434994,0.3843353014247581,0.0
0.004933730696561968,0.9419801085045431,0.0,-10.32009893792164,0.0,0.0,-0.003998672814903597,0.0,0.0,0.9419858407670008,0.38432585249601037,0.0
0.005074159773594634,0.9419559008654019,0.0,-10.31979526299676,0.0,0.0,-0.003998651139591589,0.0,0.0,0.9419619639261989,0.38431585852938116,0.0
0.005218585891991964,0.9419302969439403,0.0,-10.319474072705372,0.0,0.0,-0.003998628212955023,0.0,0.0,0.9419367098830067,0.384305288116718,0.0
0.00536712281978553,0.9419032162874067,0.0,-10.319134357647295,0.0,0.0,-0.003998603962762186,0.0,0.0,0.9419099992840093,0.3842941080436368,0.0
0.005519887563193328,0.9418745738173934,0.0,-10.318775050823163,0.0,0.0,-0.003998578312612752,0.0,0.0,0.9418817482133308,0.38428228318608104,0.0
0.005677000458788438,0.9418442795650641,0.0,-10.318395023423832,0.0,0.0,-0.0039985511816973485,0.0,0.0,0.9418518679314879,0.3842697764010132,0.0
0.005838585268291164,0.9418122383913697,0.0,-10.317993082294432,0.0,0.0,-0.003998522484543209,0.0,0.0,0.9418202645994319,0.38425654841090956,0.0
0.006004769276059158,0.9417783496914156,0.0,-10.317567965386303,0.0,0.0,-0.003998492130745224,0.0,0.0,0.9417868389869378,0.38424255768170984,0.0
0.00617568338935252,0.9417425070820951,0.0,-10.317118338232651,0.0,0.0,-0.003998460024681392,0.0,0.0,0.9417514861645206,0.3842277602938582,0.0
0.006351462241452631,0.9417045980720712,0.0,-10.316642789836076,0.0,0.0,-0.003998426065212025,0.0,0.0,0.9417140951779224,0.3842121098060588,0.0
0.006532244297716178,0.941664503713138,0.0,-10.316139828186126,0.0,0.0,-0.003998390145361529,0.0,0.0,0.94167454870423,0.3841955571113419,0.0
0.006718171964647695,0.9416220982319145,0.0,-10.315607875653368,0.0,0.0,-0.003998352151981861,0.0,0.0,0.9416327226886033,0.3841780502850116,0.0
0.006909391702076749,0.9415772486408134,0.0,-10.31504526407613,0.0,0.0,-0.0039983119653966386,0.0,0.0,0.9415884859605593,0.38415953442403733,0.0
0.007106054138527918,0.9415298143271429,0.0,-10.314450229773326,0.0,0.0,-0.003998269459024727,0.0,0.0,0.9415416998286843,0.3841399514774198,0.0
0.0073083141898746705,0.9414796466191505,0.0,-10.313820907914458,0.0,0.0,-0.003998224498982186,0.0,0.0,0.9414922176526046,0.3841192400670305,0.0
0.007516331181370376,0.9414265883277475,0.0,-10.313155326954735,0.0,0.0,-0.003998176943661282,0.0,0.0,0.9414398843909698,0.3840973352984211,0.0
0.007730268973152821,0.9413704732626103,0.0,-10.312451402281615,0.0,0.0,-0.003998126643285254,0.0,0.0,0.9413845361241683,0.3840741685610485,0.0
0.00795029608932083,0.9413111257212738,0.0,-10.311706930127134,0.0,0.0,-0.003998073439437534,0.0,0.0,0.9413259995503898,0.38404966731734885,0.0
0.008176585850684927,0.9412483599497616,0.0,-10.310919580615478,0.0,0.0,-0.003998017164563781,0.0,0.0,0.9412640914536263,0.3840237548800647,0.0
0.008409316511296424,0.9411819795732251,0.0,-10.310086890671688,0.0,0.0,-0.003997957641445339,0.0,0.0,0.9411986181420863,0.3839963501771913,0.0
0.008648671398862506,0.9411117769950285,0.0,-10.309206256609812,0.0,0.0,-0.003997894682642427,0.0,0.0,0.9411293748554824,0.38396736750388977,0.0
0.008894839059158081,0.9410375327625586,0.0,-10.308274925949382,0.0,0.0,-0.003997828089905279,0.0,0.0,0.9410561451395081,0.38393671626066816,0.0
0.00914801340454789,0.9409590148980562,0.0,-10.30728998917959,0.0,0.0,-0.003997757653551423,0.0,0.0,0.940978700185796,0.383904300677124,0.0
0.00940839386673614,0.9408759781926174,0.0,-10.306248370864113,0.0,0.0,-0.00399768315180725,0.0,0.0,0.9408967981355646,0.3838700195204758,0.0
0.009676185553863738,0.9407881634614472,0.0,-10.305146820389337,0.0,0.0,-0.003997604350111673,0.0,0.0,0.9408101833450394,0.3838337657880995,0.0
0.009951599412077126,0.9406952967583689,0.0,-10.303981902018556,0.0,0.0,-0.003997521000379871,0.0,0.0,0.9407185856106827,0.38379542638325054,0.0
0.010234852391695703,0.9405970885475093,0.0,-10.302749984466871,0.0,0.0,-0.0039974328402246845,0.0,0.0,0.9406217193521897,0.3837548817731005,0.0
0.010526167618109044,0.9404932328299749,0.0,-10.301447230160344,0.0,0.0,-0.003997339592133423,0.0,0.0,0.9405192827510832,0.3837120056281889,0.0
0.010825774567538277,0.9403834062232419,0.0,-10.300069583527383,0.0,0.0,-0.003997240962597316,0.0,0.0,0.9404109568426658,0.3836666644423639,0.0
0.01113390924780011,0.940267266990909,0.0,-10.298612758903317,0.0,0.0,-0.003997136641191169,0.0,0.0,0.9402964045590219,0.3836187171322236,0.0
0.01145081438421616,0.9401444540203534,0.0,-10.29707222764944,0.0,0.0,-0.003997026299600166,0.0,0.0,0.9401752697206165,0.3835680146150505,0.0
0.011776739610813632,0.9400145857457367,0.0,-10.29544320484357,0.0,0.0,-0.00399690959059092,0.0,0.0,0.9400471759740062,0.383514399364187,0.0
0.012111941666968247,0.93987725901371,0.0,-10.29372063480479,0.0,0.0,-0.00399678614692361,0.0,0.0,0.9399117256730092,0.3834577049407527,0.0
0.012456684599644139,0.9397320478890939,0.0,-10.291899176433276,0.0,0.0,-0.003996655580201781,0.0,0.0,0.9397684987006899,0.38339775550058375,0.0
0.012811239971390316,0.9395785023976708,0.0,-10.289973187186847,0.0,0.0,-0.00399651747965641,0.0,0.0,0.939617051229295,0.3833343652752099,0.0
0.01317588707425712,0.9394161472032102,0.0,-10.287936706731701,0.0,0.0,-0.003996371410860292,0.0,0.0,0.9394569144153188,0.3832673380256763,0.0
0.013550913149801518,0.9392444802156595,0.0,-10.28578343933065,0.0,0.0,-0.003996216914369064,0.0,0.0,0.9392875930266813,0.38319646646795513,0.0
0.013936613615354417,0.9390629711274507,0.0,-10.283506735725666,0.0,0.0,-0.003996053504284505,0.0,0.0,0.939108563998991,0.3831215316686774,0.0
0.01433329229672811,0.938871059874719,0.0,-10.281099573663672,0.0,0.0,-0.003995880666735795,0.0,0.0,0.9389192749177393,0.38304230240986875,0.0
0.01474126166754755,0.9386681550201973,0.0,-10.278554537788288,0.0,0.0,-0.003995697858274195,0.0,0.0,0.9387191424232347,0.3829585345213459,0.0
0.015160843095393471,0.9384536320544619,0.0,-10.275863798380803,0.0,0.0,-0.0039955045041760685,0.0,0.0,0.9385075505350065,0.3828699701794132,0.0
0.015592367094951641,0.9382268316121699,0.0,-10.273019088937941,0.0,0.0,-0.003995299996649313,0.0,0.0,0.9382838488923408,0.3827763371704649,0.0
0.016036173588367342,0.9379870575998823,0.0,-10.270011682890464,0.0,0.0,-0.003995083692937635,0.0,0.0,0.9380473509076047,0.3826773481180791,0.0
0.01649261217301066,0.9377335752320044,0.0,-10.266832368897711,0.0,0.0,-0.003994854913316904,0.0,0.0,0.9377973318289359,0.3825726996721951,0.0
0.01696204239686287,0.9374656089714202,0.0,-10.263471425222187,0.0,0.0,-0.003994612938977756,0.0,0.0,0.9375330267089212,0.3824620716589364,0.0
0.017444834041741346,0.9371823403713544,0.0,-10.259918592651179,0.0,0.0,-0.003994357009787829,0.0,0.0,0.9372536282758237,0.3823451261896642,0.0
0.017941367414585727,0.9368829058150449,0.0,-10.256163046261717,0.0,0.0,-0.003994086321927081,0.0,0.0,0.9369582847040157,0.3822215067278461,0.0
0.018452033647035324,0.9365663941498757,0.0,-10.252193365918114,0.0,0.0,-0.00399380002538913,0.0,0.0,0.9366460972802904,0.3820908371123508,0.0
0.018977235003533058,0.9362318442126499,0.0,-10.247997505265793,0.0,0.0,-0.0039934972213410734,0.0,0.0,0.9363161179627838,0.38195272053581997,0.0
0.019517385198199177,0.9358782422428971,0.0,-10.24356275946763,0.0,0.0,-0.00399317695933402,0.0,0.0,0.9359673468294315,0.38180673847680446,0.0
0.02007290972072414,0.9355045191811473,0.0,-10.2388757314615,0.0,0.0,-0.003992838234356114,0.0,0.0,0.9355987294129533,0.38165244958442823,0.0
0.02064424617153723,0.9351095478494182,0.0,-10.233922296773681,0.0,0.0,-0.003992479983719268,0.0,0.0,0.9352091539196128,0.38148938851442593,0.0
0.021231844606515515,0.9346921400113153,0.0,-10.228687566817294,0.0,0.0,-0.003992101083770671,0.0,0.0,0.9347974483292159,0.38131706471549215,0.0
0.02183616789150382,0.9342510433095276,0.0,-10.22315585070749,0.0,0.0,-0.003991700346419064,0.0,0.0,0.9343623773741291,0.38113496116501505,0.0
0.022457692066925727,0.933784938078814,0.0,-10.217310615520653,0.0,0.0,-0.0039912765154663,0.0,0.0,0.9339026393954648,0.38094253305343434,0.0
0.023096906722772235,0.9332924340330434,0.0,-10.211134445008389,0.0,0.0,-0.0039908282627329145,0.0,0.0,0.9334168630749721,0.3807392064165949,0.0
0.02375431538426417,0.9327720668253678,0.0,-10.204608996763879,0.0,0.0,-0.0039903541839670245,0.0,0.0,0.9329036040417457,0.38052437671575734,0.0
0.024430435908491324,0.9322222944811904,0.0,-10.19771495779292,0.0,0.0,-0.003989852794524658,0.0,0.0,0.9323613413534068,0.38029740736509793,0.0
0.025125800892341392,0.9316414937043102,0.0,-10.190431998574207,0.0,0.0,-0.0039893225248092135,0.0,0.0,0.931788473852117,0.38005762820687744,0.0
0.025840958092039536,0.93102795605744,0.0,-10.182738725572664,0.0,0.0,-0.003988761715457247,0.0,0.0,0.9311833163965921,0.37980433393475993,0.0
0.02657647085462985,0.9303798840191758,0.0,-10.174612632253664,0.0,0.0,-0.003988168612256931,0.0,0.0,0.9305440959721665,0.37953678246616074,0.0
0.027332918561737557,0.9296953869206059,0.0,-10.166030048621458,0.0,0.0,-0.003987541360785186,0.0,0.0,0.9298689476820269,0.37925419326492776,0.0
0.028110897085962407,0.9289724767659003,0.0,-10.156966089413215,0.0,0.0,-0.0039868780007485055,0.0,0.0,0.929155910623885,0.37895574561616,0.0
0.02891101926026203,0.9282090639425873,0.0,-10.147394600926873,0.0,0.0,-0.003986176460011972,0.0,0.0,0.9284029236577009,0.37864057685552877,0.0
0.029733915360696004,0.9274029528287407,0.0,-10.137288106672205,0.0,0.0,-0.003985434548300329,0.0,0.0,0.9276078210715601,0.3783077805560788,0.0
0.030580233602909672,0.9265518373059919,0.0,-10.126617751902463,0.0,0.0,-0.003984649950553976,0.0,0.0,0.9267683281544704,0.37795640467620895,0.0
0.03145064065274975,0.9256532961891917,0.0,-10.115353247202789,0.0,0.0,-0.003983820219922287,0.0,0.0,0.9258820566867242,0.37758544967329927,0.0
0.032345822151413565,0.9247047885856197,0.0,-10.10346281130974,0.0,0.0,-0.003982942770375693,0.0,0.0,0.9249465003605294,0.37719386658833004,0.0
0.03326648325554538,0.9237036491990082,0.0,-10.090913113343056,0.0,0.0,-0.003982014868917271,0.0,0.0,0.9239590301459198,0.37678055510779057,0.0
0.034213349192706126,0.9226470835961925,0.0,-10.07766921472624,0.0,0.0,-0.003981033627373831,0.0,0.0,0.9229168896194729,0.37634436161026424,0.0
0.035187165832652856,0.9215321634570163,0.0,-10.063694511007892,0.0,0.0,-0.003979995993745575,0.0,0.0,0.9218171902761189,0.37588407720620426,0.0
0.036188700274879,0.9203558218312298,0.0,-10.048950673973494,0.0,0.0,-0.0039788987430925795,0.0,0.0,0.9206569068474494,0.3753984357807235,0.0
0.03721874145287729,0.9191148484294718,0.0,-10.033397594338998,0.0,0.0,-0.003977738467935846,0.0,0.0,0.919432872653111,0.3748861120506111,0.0
0.038278100755602736,0.9178058849790832,0.0,-10.016993325477268,0.0,0.0,-0.003976511568149371,0.0,0.0,0.918141775015593,0.3743457196482701,0.0
0.039367612666623426,0.9164254206794302,0.0,-9.99969402861972,0.0,0.0,-0.003975214240319348,0.0,0.0,0.9167801507725208,0.37377580924694903,0.0
0.04048813542146414,0.9149697877957299,0.0,-9.98145392002947,0.0,0.0,-0.003973842466545528,0.0,0.0,0.915344381924784,0.37317486674336303,0.0
0.04164055168365937,0.9134351574348114,0.0,-9.962225220764953,0.0,0.0,-0.003972392002659195,0.0,0.0,0.9138306914632895,0.3725413115157063,0.0
0.04282576924004974,0.9118175355512086,0.0,-9.941958109607155,0.0,0.0,-0.003970858365831338,0.0,0.0,0.9122351394218884,0.3718734947770419,0.0
0.04404472171586787,0.910112759237039,0.0,-9.920600679924755,0.0,0.0,-0.003969236821544141,0.0,0.0,0.9105536192091055,0.37116969804620226,0.0
0.04529836931017829,0.9083164933545584,0.0,-9.898098901192736,0.0,0.0,-0.0039675223698980855,0.0,0.0,0.9087818542765645,0.370428131760567,0.0
0.04658769955224966,0.9064242275759562,0.0,-9.874396586063073,0.0,0.0,-0.003965709731226485,0.0,0.0,0.9069153951876114,0.36964693405741905,0.0
0.04791372807945657,0.9044312739007558,0.0,-9.849435363875397,0.0,0.0,-0.003963793330988902,0.0,0.0,0.9049496171553574,0.3688241697530155,0.0
0.04927749943732191,0.90233276472736,0.0,-9.823154661643738,0.0,0.0,-0.0039617672839144065,0.0,0.0,0.9028797181253213,0.3679578295510374,0.0
0.050680087902331354,0.9001236515613035,0.0,-9.795491693610797,0.0,0.0,-0.003959625377365466,0.0,0.0,0.9007007174839328,0.36704582951459547,0.0
0.052122598328167666,0.8977987044490828,0.0,-9.766381460513315,0.0,0.0,-0.003957361053893191,0.0,0.0,0.8984074554801472,0.3660860108386008,0.0
0.053606167016030895,0.8953525122326131,0.0,-9.735756759857008,0.0,0.0,-0.003954967392954764,0.0,0.0,0.8959945934536371,0.3650761399618251,0.0
0.0551319626097316,0.8927794837253734,0.0,-9.703548208511199,0.0,0.0,-0.003952437091763983,0.0,0.0,0.8934566149688111,0.3640139090605413,0.0
0.05670118701626013,0.8900738499171671,0.0,-9.669684279048603,0.0,0.0,-0.003949762445246766,0.0,0.0,0.8907878279596879,0.36289693696801495,0.0
0.05831507635255877,0.8872296673198614,0.0,-9.634091351329822,0.0,0.0,-0.003946935325073775,0.0,0.0,0.8879823679959536,0.36172277056640795,0.0
0.05997490191924116,0.8842408225713672,0.0,-9.596693780884907,0.0,0.0,-0.0039439471577437215,0.0,0.0,0.8850342027852797,0.360488886699709,0.0
0.06168197120202805,0.8811010384193764,0.0,-9.557413985718652,0.0,0.0,-0.0039407889016925424,0.0,0.0,0.881937138031146,0.35919269465805287,0.0
0.0634376289016857,0.8778038812097029,0.0,-9.516172553213453,0.0,0.0,-0.0039374510234047614,0.0,0.0,0.8786848247685708,0.3578315392852304,0.0
0.06524325799328021,0.8743427700063253,0.0,-9.472888368825375,0.0,0.0,-0.003933923472506762,0.0,0.0,0.8752707683023544,0.3564027047621181,0.0
0.06710028081558078,0.870710987471186,0.0,-9.42747876831598,0.0,0.0,-0.003930195655823401,0.0,0.0,0.8716883388732201,0.35490341911919987,0.0
0.06901016019147191,0.8669016926311865,0.0,-9.379859715234112,0.0,0.0,-0.00392625641038385,0.0,0.0,0.8679307841766118,0.3533308595311215,0.0
0.07097440058025478,0.8629079356573913,0.0,-9.329946005351962,0.0,0.0,-0.0039220939753657645,0.0,0.0,0.8639912438563484,0.3516821584452643,0.0
0.07299454926274732,0.8587226747769932,0.0,-9.277651499717189,0.0,0.0,-0.003917695962972401,0.0,0.0,0.8598627660908916,0.3499544105945101,0.0
0.07507219756011509,0.8543387954318024,0.0,-9.222889387888658,0.0,0.0,-0.0039130493282425625,0.0,0.0,0.8555383263830992,0.34814468094161233,0.0
0.07720898208739527,0.8497491317876222,0.0,-9.165572482819945,0.0,0.0,-0.00390814033780008,0.0,0.0,0.8510108486550303,0.3462500135987441,0.0
0.0794065860426983,0.8449464906867358,0.0,-9.105613548710679,0.0,0.0,-0.003902954537557044,0.0,0.0,0.8462732287371963,0.3442674417608379,0.0
0.08166674053310484,0.8399236781204285,0.0,-9.042925662946988,0.0,0.0,-0.0038974767193939636,0.0,0.0,0.8413183603265155,0.34219399868503425,0.0
0.0839912259383019,0.8346735282800664,0.0,-8.977422613023666,0.0,0.0,-0.003891690886850049,0.0,0.0,0.8361391634688966,0.34002672974103537,0.0
0.08638187331303132,0.8291889352233802,0.0,-8.90901932907728,0.0,0.0,-0.0038855802198683553,0.0,0.0,0.83072861560072,0.33776270554814175,0.0
0.08884056582945803,0.823462887167311,0.0,-8.837632352319213,0.0,0.0,-0.0038791270386536658,0.0,0.0,0.8250797851584238,0.33539903620436323,0.0
0.09136924026059069,0.8174885033899734,0.0,-8.763180339300254,0.0,0.0,-0.0038723127667158646,0.0,0.0,0.8191858677369045,0.33293288660114734,0.0
0.09396988850592616,0.8112590736920807,0.0,-8.685584601517892,0.0,0.0,-0.0038651178931882243,0.0,0.0,0.8130402247455627,0.3303614928039883,0.0
0.0966445591605173,0.8047681003327036,0.0,-8.604769679416151,0.0,0.0,-0.003857521934529049,0.0,0.0,0.8066364244757985,0.32768217946455486,0.0
0.09939535912870316,0.7980093423156592,0.0,-8.520663949318,0.0,0.0,-0.0038495033957360986,0.0,0.0,0.7999682854557131,0.3248923782141057,0.0
0.10222445528376908,0.7909768618618122,0.0,-8.433200261288269,0.0,0.0,-0.003841039731226971,0.0,0.0,0.7930299219272233,0.32198964697096577,0.0
0.10513407617484674,0.7836650728591734,0.0,-8.342316605342068,0.0,0.0,-0.003832107305564994,0.0,0.0,0.7858157912381396,0.31897169007697607,0.0
0.10812651378239671,0.7760687910379702,0.0,-8.247956802806307,0.0,0.0,-0.003822681354239373,0.0,0.0,0.7783207428977004,0.3158363791592965,0.0
0.11120412532365953,0.7681832855722516,0.0,-8.150071219014796,0.0,0.0,-0.00381273594474092,0.0,0.0,0.7705400689992089,0.3125817745950996,0.0
0.1143693351094933,0.7600043317641586,0.0,-8.048617492877796,0.0,0.0,-0.0038022439382104888,0.0,0.0,0.7624695556688623,0.3092061474378348,0.0
0.11762463645406383,0.7515282644225596,0.0,-7.943561278240035,0.0,0.0,-0.0037911769519767846,0.0,0.0,0.7541055351562983,0.30570800164533807,0.0
0.12097259363888899,0.7427520315055068,0.0,-7.8348769913094385,0.0,0.0,-0.0037795053233436087,0.0,0.0,0.7454449381411228,0.3020860964324501,0.0
0.12441584393278828,0.7336732475568849,0.0,-7.722548557856811,0.0,0.0,-0.003767198075034072,0.0,0.0,0.7364853457916156,0.298339468554583,0.0
0.12795709966932384,0.7242902464330986,0.0,-7.606570153330323,0.0,0.0,-0.003754222882751245,0.0,0.0,0.727225041078307,0.2944674543141393,0.0
0.13159915038337305,0.7146021327865005,0.0,-7.486946928535093,0.0,0.0,-0.003740546045370938,0.0,0.0,0.7176630588171093,0.2904697110695035,0.0
0.1353448650085145,0.7046088317499871,0.0,-7.363695713101386,0.0,0.0,-0.003726132458343548,0.0,0.0,0.7077992338955159,0.28634623801680037,0.0
0.13919719413695697,0.6943111362524994,0.0,-7.236845688625871,0.0,0.0,-0.0037109455909477233,0.0,0.0,0.6976342471218416,0.28209739600826506,0.0
0.1431591723437957,0.683710751389194,0.0,-7.106439023119212,0.0,0.0,-0.0036949474681095837,0.0,0.0,0.6871696681326382,0.2777239261682112,0.0
0.14723392057742116,0.6728103352733731,0.0,-6.972531458250039,0.0,0.0,-0.003678098657577014,0.0,0.0,0.6764079947979844,0.27322696706858735,0.0
0.15142464861796814,0.6616135358105095,0.0,-6.835192840847644,0.0,0.0,-0.003660358263319461,0.0,0.0,0.6653526885786734,0.2686080702310782,0.0
0.15573465760573776,0.6501250228580431,0.0,-6.694507590209551,0.0,0.0,-0.003641683926109197,0.0,0.0,0.6540082053138844,0.26386921373188216,0.0
0.16016734264158938,0.6383505152680955,0.0,-6.5505750929694155,0.0,0.0,-0.0036220318323303665,0.0,0.0,0.6423800209525274,0.259012813698544,0.0
0.16472619546134434,0.6262968023535319,0.0,-6.403510017607349,0.0,0.0,-0.0036013567321563837,0.0,0.0,0.6304746517858761,0.2540417335055206,0.0
0.16941480718631355,0.6139717593702022,0.0,-6.253442541125926,0.0,0.0,-0.0035796119683345604,0.0,0.0,0.6182996687926345,0.2489592904961549,0.0
0.17423687115211117,0.6013843566688722,0.0,-6.100518480968851,0.0,0.0,-0.003556749516917686,0.0,0.0,0.6058637057693607,0.2437692600831545,0.0
0.17919618581798882,0.5885446622379872,0.0,-5.944899325906613,0.0,0.0,-0.003532720041385651,0.0,0.0,0.5931764609878901,0.23847587710687695,0.0
0.18429665775897455,0.5754638374316687,0.0,-5.786762160353785,0.0,0.0,-0.003507472961703933,0.0,0.0,0.5802486921957437,0.233083834360303,0.0
0.18954230474317915,0.5621541257543301,0.0,-5.626299477390943,0.0,0.0,-0.0034809565399693057,0.0,0.0,0.5670922048534928,0.22759827822063972,0.0
0.194937258896692,0.5486288346524106,0.0,-5.463718876636747,0.0,0.0,-0.003453117984394178,0.0,0.0,0.5537198335832328,0.2220248013594572,0.0
0.20048576995855769,0.5349023103429345,0.0,-5.299242644027423,0.0,0.0,-0.0034239035734773176,0.0,0.0,0.5401454168824313,0.2163694325352619,0.0
0.20619220862840293,0.5209899057858699,0.0,-5.133107211504469,0.0,0.0,-0.003393258802298405,0.0,0.0,0.5263837652356705,0.21063862350365728,0.0
0.2120610700093435,0.5069079419809586,0.0,-4.965562495571887,0.0,0.0,-0.0033611285529532194,0.0,0.0,0.5124506228312763,0.20483923311003502,0.0
0.21809697714888912,0.4926736628377778,0.0,-4.796871114647086,0.0,0.0,-0.003327457291212239,0.0,0.0,0.49836262315877716,0.1989785086572895,0.0
0.22430468468063083,0.47830518392897337,0.0,-4.627307486093037,0.0,0.0,-0.0032921892915341736,0.0,0.0,0.48413723882479764,0.19306406466579615,0.0
0.23068908256958612,0.4638214354892895,0.0,-4.457156804772167,0.0,0.0,-0.0032552688925923433,0.0,0.0,0.46979272597828653,0.18710385916427677,0.0
0.23725519996414396,0.4492421000665462,0.0,-4.286713905906824,0.0,0.0,-0.0032166407854716324,0.0,0.0,0.4553480637796234,0.18110616766783713,0.0
0.2440082091576504,0.4345875452640698,0.0,-4.1162820159683475,0.0,0.0,-0.003176250336660375,0.0,0.0,0.44082288938150105,0.17507955501309996,0.0
0.2509534296627502,0.41987875203719116,0.0,-3.946171396250665,0.0,0.0,-0.003134043947889435,0.0,0.0,0.426237428912181,0.16903284522992512,0.0
0.2580963324017018,0.40513723901930865,0.0,-3.7766978847256834,0.0,0.0,-0.0030899694547526627,0.0,0.0,0.4116124249636853,0.16297508963472418,0.0
0.26544254401595624,0.39038498335596744,0.0,-3.6081813427345697,0.0,0.0,-0.0030439765658713783,0.0,0.0,0.39696906108912094,0.15691553333205815,0.0
0.2729978512984031,0.3756443385193977,0.0,-3.44094401405401,0.0,0.0,-0.002996017344132988,0.0,0.0,0.3823288838051534,0.15086358030937583,0.0
0.2807682057517685,0.36093794956182546,0.0,-3.275308804901796,0.0,0.0,-0.002946046731231378,0.0,0.0,0.3677137225787493,0.14482875730492295,0.0
0.2887597282767644,0.3462886662451039,0.0,-3.1115974945199953,0.0,0.0,-0.0028940231163564357,0.0,0.0,0.35314560825277136,0.13882067662153783,0.0
0.29697871399367154,0.3317194544583237,0.0,-2.950128887107146,0.0,0.0,-0.002839908949412453,0.0,0.0,0.33864669033432976,0.13284899805000583,0.0
0.30543163720116256,0.31725330630560855,0.0,-2.79121691706273,0.0,0.0,-0.002783671398582395,0.0,0.0,0.32423915353442584,0.12692339005550732,0.0
0.31412515647626754,0.30291314921526985,0.0,-2.6351687207593315,0.0,0.0,-0.0027252830513880993,0.0,0.0,0.30994513390913575,0.12105349037029746,0.0
0.3230661199194979,0.2887217543905699,0.0,-2.482282689358747,0.0,0.0,-0.002664722657618772,0.0,0.0,0.2957866349130118,0.11524886612586684,0.0
0.3322615705492686,0.27470164489332494,0.0,-2.332846518520798,0.0,0.0,-0.002601975911604307,0.0,0.0,0.28178544363620717,0.10951897364918126,0.0
0.34171875184985556,0.2608750036263218,0.0,-2.187135272194179,0.0,0.0,-0.0025370362702924016,0.0,0.0,0.26796304745978516,0.10387311804097767,0.0
0.35144511347726926,0.24726358146046346,0.0,-2.0454094789887263,0.0,0.0,-0.0024699058024457645,0.0,0.0,0.2543405513302121,0.09832041265009235,0.0
0.3614483171275303,0.23388860573921777,0.0,-1.9079132808678254,0.0,0.0,-0.0024005960630085663,0.0,0.0,0.24093859582561267,0.09286973855706558,0.0
0.3717362425719814,0.22077068938752084,0.0,-1.7748726550128326,0.0,0.0,-0.002329128985303926,0.0,0.0,0.22777727616427068,0.08752970418322899,0.0
0.38231699386437595,0.20792974085573615,0.0,-1.6464937306410434,0.0,0.0,-0.00225553778222412,0.0,0.0,0.2148760622911063,0.08230860514853497,0.0
0.39319890572464306,0.19538487514223765,0.0,-1.5229612232382033,0.0,0.0,-0.00217986784597652,0.0,0.0,0.20225372017134083,0.07721438451270511,0.0
0.40439055010435015,0.18315432616105934,0.0,-1.40443700902857,0.0,0.0,-0.002102177634269563,0.0,0.0,0.18992823442291518,0.07225459354994677,0.0
0.4159007429390459,0.1712553607538726,0.0,-1.2910588624814214,0.0,0.0,-0.0020225395290909658,0.0,0.0,0.17791673243083914,0.06743635322739563,0.0
0.42773855109278824,0.15970419468798885,0.0,-1.1829393791777614,0.0,0.0,-0.0019410406524783378,0.0,0.0,0.16623541010774767,0.06276631658131426,0.0
0.43991329950033947,0.14851591103332426,0.0,-1.0801651053756909,0.0,0.0,-0.0018577836219520636,0.0,0.0,0.15489945949529346,0.05825063221240672,0.0
0.45243457851264474,0.13770438137039587,0.0,-0.9827958940708397,0.0,0.0,-0.0017728872266220613,0.0,0.0,0.14392299844041212,0.053894909151768824,0.0
0.46531225145139427,0.12728219034674002,0.0,-0.8908645052158323,0.0,0.0,-0.0016864870034535937,0.0,0.0,0.1333190026281849,0.04970418338108983,0.0
0.478556462378603,0.11726056416884133,0.0,-0.8043764650251874,0.0,0.0,-0.001598735691850088,0.0,0.0,0.12309924030812383,0.04568288632368136,0.0
0.49217764408734016,0.10764930368835492,0.0,-0.723310195956418,0.0,0.0,-0.001509803543659337,0.0,0.0,0.11327421011192468,0.04183481565547781,0.0
0.5061865263199,0.09845672281237744,0.0,-0.647617425054909,0.0,0.0,-0.0014198784650168174,0.0,0.0,0.10385308242660755,0.0381631088158883,0.0
0.5205941442198817,0.08968959303458614,0.0,-0.5772238739353053,0.0,0.0,-0.001329165966195103,0.0,0.0,0.09484364485542239,0.034670219625630605,0.0
0.5354118470248508,0.0813530949438812,0.0,-0.5120302288284693,0.0,0.0,-0.001237888895922995,0.0,0.0,0.08625225236797977,0.031357898440766606,0.0
0.5506513070064117,0.0734507776159529,0.0,-0.45191338395754455,0.0,0.0,-0.001146286937564699,0.0,0.0,0.07808378280806316,0.028227176287203105,0.0
0.5663245286647467,0.06598452682701852,0.0,-0.3967279461490126,0.0,0.0,-0.00105461584619533,0.0,0.0,0.07034159848971278,0.025278353426062286,0.0
0.5824438581848539,0.05895454304413128,0.0,-0.3463079831861837,0.0,0.0,-0.0009631464080545916,0.0,0.0,0.06302751466657479,0.022510992795816736,0.0
0.5990219931619494,0.05235933013872688,0.0,-0.3004689931343471,0.0,0.0,-0.0008721631071698107,0.0,0.0,0.056141775702559446,0.019923918760072535,0.0
0.616071992603674,0.04619569573630134,0.0,-0.25901006688419315,0.0,0.0,-0.0007819624881587134,0.0,0.0,0.04968303980060708,0.01751522155904992,0.0
0.6336072872169982,0.040458764051632665,0.0,-0.22171621164268082,0.0,0.0,-0.0006928512093684851,0.0,0.0,0.04364837315685552,0.015282267816751863,0.0
0.651641689987919,0.035142001963508133,0.0,-0.18836079921682677,0.0,0.0,-0.0006051437865669432,0.0,0.0,0.03803325439663614,0.013221717393849043,0.0
0.670189407062298,0.03023725895345237,0.0,-0.15870809983648357,0.0,0.0,-0.0005191600343199136,0.0,0.0,0.03283159011290816,0.011329546798008764,0.0
0.6892650489363895,0.025734821368643603,0.0,-0.1325158600765046,0.0,0.0,-0.0004352222198690653,0.0,0.0,0.028035742263904758,0.009601079269009948,0.0
0.7088836419658919,0.02162348127049511,0.0,-0.10953788226808084,0.0,0.0,-0.0003536519526215385,0.0,0.0,0.023636568092352355,0.008031021546435002,0.0
0.7290606402025817,0.017890619898841793,0.0,-0.08952656270065801,0.0,0.0,-0.0002747668410835301,0.0,0.0,0.019623473101450704,0.006613507204589932,0.0
0.7498119375678466,0.014522305520943798,0.0,-0.07223534693665126,0.0,0.0,-0.0001988769579720685,0.0,0.0,0.015984477462112852,0.005342146305102909,0.0
0.7711538803727309,0.011503405149442706,0.0,-0.057421062682184755,0.0,0.0,-0.00012628116303459107,0.0,0.0,0.012706296031627526,0.004210080975544495,0.0
0.7931032801943232,0.008817709311065564,0.0,-0.044846093824603764,0.0,0.0,-5.726334146742262e-05,0.0,0.0,0.009774431937721461,0.0032100463765112773,0.0
0.8156774271186552,0.006448068736576252,0.0,-0.034280363364347435,0.0,0.0,7.91137660655489e-06,0.0,0.0,0.007173283426861514,0.002334436374554632,0.0
0.8388941033605247,0.004376541531983835,0.0,-0.025503097921785508,0.0,0.0,6.900034373629707e-05,0.0,0.0,0.004886263396094863,0.0015753730992957146,0.0
0.8627715972709962,0.002584549092247574,0.0,-0.01830435209483525,0.0,0.0,0.0001257869930838836,0.0,0.0,0.0028959307300512305,0.0009247794355711788,0.0
0.8873287177435816,0.0010530387426234593,0.0,-0.012486277049547337,0.0,0.0,0.00017808422698864103,0.0,0.0,0.0011841322560897007,0.0003744533908748294,0.0
0.9125848090304755,-0.00023734914873405093,0.0,-0.007864124057243706,0.0,0.0,0.00022573751562842114,0.0,0.0,-0.00026784617954063987,-8.385680984793287e-05,0.0
0.9385597659804938,-0.0013061120393212016,0.0,-0.004266980155397152,0.0,0.0,0.00026862762685969947,0.0,0.0,-0.0014791213130942937,-0.00045837811107804206,0.0
0.965274049710751,-0.002172716654130012,0.0,-0.0015382393303855425,0.0,0.0,0.00030667291248642,0.0,0.0,-0.00246904882156339,-0.0007572397339878474,0.0
0.9927487037243807,-0.0028564336670897235,0.0,0.0004641813672701279,0.0,0.0,0.00033983108298676565,0.0,0.0,-0.0032570567642820707,-0.0009884032378535876,0.0
1.0210053704870292,-0.003376178290137792,0.0,0.0018678660717942534,0.0,0.0,0.0003681004120557385,0.0,0.0,-0.00386247863569266,-0.0011595967279098079,0.0
1.0500663084751527,-0.0037503593631937645,0.0,0.0027861451341432424,0.0,0.0,0.00039152032401610536,0.0,0.0,-0.004304388700494433,-0.001278254323600823,0.0
1.0799544097095837,-0.003996739386791611,0.0,0.003318537629440025,0.0,0.0,0.0004101713308961135,0.0,0.0,-0.004601442358203715,-0.0013514618874705497,0.0
1.1106932177881348,-0.004132307714181812,0.0,0.0035513648283069534,0.0,0.0,0.0004241743013357129,0.0,0.0,-0.004771724284822574,-0.0013859098691018732,0.0
1.1423069464314755,-0.004173168827597868,0.0,0.00355850619089505,0.0,0.0,0.00043368905993259704,0.0,0.0,-0.004832607019431721,-0.0013878539452741698,0.0
1.1748204985568822,-0.004134447272755167,0.0,0.003402268367349118,0.0,0.0,0.0004389123325866463,0.0,0.0,-0.004800622499929172,-0.001363083942681775,0.0
1.2082594858948745,-0.004030210427493773,0.0,0.0031343373473827502,0.0,0.0,0.00044007507023324815,0.0,0.0,-0.004691348804654488,-0.0013169013198833185,0.0
1.242650249164223,-0.00387340984845841,0.0,0.002796784946354865,0.0,0.0,0.0004374391994441286,0.0,0.0,-0.004519314029419193,-0.001254105268241688,0.0
1.2780198788211774,-0.003675841490301858,0.0,0.0024231020851308922,0.0,0.0,0.00043129386310685624,0.0,0.0,-0.004297918832033778,-0.0011789872758961322,0.0
1.3143962363992945,-0.003448124643069635,0.0,0.0020392335589736006,0.0,0.0,0.00042195122720389247,0.0,0.0,-0.004039378722962118,-0.0010953337930132427,0.0
1.3518079764566482,-0.003199699002106213,0.0,0.001664591932283964,0.0,0.0,0.0004097419401471471,0.0,0.0,-0.0037546866877056434,-0.0010064364487053106,0.0
1.3902845691477506,-0.002938838885192962,0.0,0.0013130311300907037,0.0,0.0,0.00039501033888689023,0.0,0.0,-0.0034535962109138434,-0.0009151091065308104,0.0
1.4298563234379118,-0.0026726832558989044,0.0,0.0009937637465998739,0.0,0.0,0.0003781095009326906,0.0,0.0,-0.0031446242524686354,-0.0008237109113592026,0.0
1.4705544109783693,-0.0024072799122914967,0.0,0.0007122097203343478,0.0,0.0,0.00035939624342398366,0.0,0.0,-0.0028350732235563275,-0.0007341743797242958,0.0
1.5124108906609577,-0.00214764196680293,0.0,0.0004707674125847432,0.0,0.0,0.0003392261695176248,0.0,0.0,-0.0025310705489691677,-0.0006480375217648793,0.0
1.555458733871709,-0.0018978145810653762,0.0,0.0002695014377704225,0.0,0.0,0.0003179488588313992,0.0,0.0,-0.002237623998918235,-0.0005664789562218724,0.0
1.5997318504632196,-0.0016609498268039284,0.0,0.00010674473344088499,0.0,0.0,0.0002959032928299025,0.0,0.0,-0.001958690640657164,-0.000490354988374693,0.0
1.6452651154662874,-0.0014393875162811948,0.0,-2.038490645260863e-05,0.0,0.0,0.0002734135982170549,0.0,0.0,-0.0016972570060255845,-0.0004202376604217315,0.0
1.692094396561823,-0.0012347398813256963,0.0,-0.00011555129412795946,0.0,0.0,0.00025078518194101917,0.0,0.0,-0.00145542790600448,-0.0003564528513122247,0.0
1.7402565823347322,-0.0010479780754708602,0.0,-0.00018284483984200045,0.0,0.0,0.00022830132075938063,0.0,0.0,-0.0012345212547042706,-0.0002991175949250818,0.0
1.7897896113319542,-0.0008795186212219493,0.0,-0.0002265001057818307,0.0,0.0,0.000206220256904838,0.0,0.0,-0.0010351662918291977,-0.0002481758963187787,0.0
1.8407325019475982,-0.0007293081132976235,0.0,-0.00025067889436440654,0.0,0.0,0.0001847728395100232,0.0,0.0,-0.0008574027073044829,-0.0002034324485798846,0.0
1.8931253831587025,-0.0005969047054773364,0.0,-0.00025931119283380494,0.0,0.0,0.00016416073931370693,0.0,0.0,-0.0007007783607525692,-0.00016458378058833143,0.0
1.94700952613581,-0.0004815551380174763,0.0,-0.0002559860120101162,0.0,0.0,0.00014455525208597556,0.0,0.0,-0.000564443532834008,-0.00013124649267460238,0.0
2.002427376753313,-0.0003822662987611029,0.0,-0.0002438841897810408,0.0,0.0,0.00012609669439565403,0.0,0.0,-0.0004472399349356363,-0.00010298235894432675,0.0
2.059422589025106,-0.00029787055516098147,0.0,-0.00022574551621007055,0.0,0.0,0.00010889438379144203,0.0,0.0,-0.00034778303395828947,-7.932018965215826e-05,0.0
2.1180400594919413,-0.00022708433093574873,0.0,-0.0002038630248784135,0.0,0.0,9.302718423813487e-05,0.0,0.0,-0.00026453659464175224,-5.9774449525170384e-05,0.0
2.17832596258753,-0.00016855961404256585,0.0,-0.00018009794258201094,0.0,0.0,7.854458690812265e-05,0.0,0.0,-0.00019587867653896666,-4.386071439404389e-05,0.0
2.2403277870113123,-0.00012092828364668431,0.0,-0.00015590953292361098,0.0,0.0,6.546828616760669e-05,0.0,0.0,-0.00014015865219242776,-3.110812089850542e-05,0.0
2.3040943731364663,-8.283933173681647e-05,0.0,-0.00013239485411829674,0.0,0.0,5.379420090041509e-05,0.0,0.0,-9.574512855032619e-05,-2.106902264850919e-05,0.0
2.3696759514826877,-5.298920911753387e-05,0.0,-0.00011033425302475933,0.0,0.0,4.349488242172568e-05,0.0,0.0,-6.10649245256931e-05,-1.3326107672572837e-05,0.0
2.4371241822839975,-3.0145652504274235e-05,0.0,-9.023919947159389e-05,0.0,0.0,3.452224222891036e-05,0.0,0.0,-3.463348696532618e-05,-7.4972579366343295e-06,0.0
2.506492196182815,-1.3165450618026891e-05,0.0,-7.239979745961071e-05,0.0,0.0,2.681052599469863e-05,0.0,0.0,-1.5077313220308593e-05,-3.238444468676387e-06,0.0
2.577834636082263,-1.00668079283724e-06,0.0,-5.69299769598169e-05,0.0,0.0,2.027945490997738e-05,0.0,0.0,-1.1490871049383132e-06,-2.4495336222502706e-07,0.0
2.6512077001897456,7.2639923043658355e-06,0.0,-4.3808953773075246e-05,0.0,0.0,1.4837451939809016e-05,0.0,0.0,8.263658169910386e-06,1.7487682336833154e-06,0.0
2.7266691862856494,1.2468316432752537e-05,0.0,-3.291804867806956e-05,0.0,0.0,1.0384869123542028e-05,0.0,0.0,1.413545979326701e-05,2.9703679048105546e-06,0.0
2.8042785372521153,1.5317097723283532e-05,0.0,-2.4072383884928517e-05,0.0,0.0,6.817133023635543e-06,0.0,0.0,1.7304515343724365e-05,3.61168771338994e-06,0.0
2.8840968878976514,1.641386533704907e-05,0.0,-1.704733147654467e-05,0.0,0.0,4.027729132875153e-06,0.0,0.0,1.8478062933185544e-05,3.831479613882684e-06,0.0
2.9661871131145405,1.6260920972472188e-05,0.0,-1.1599837534108668e-05,0.0,0.0,1.9109524425212167e-06,0.0,0.0,1.8240677911957555e-05,3.7585281306143224e-06,0.0
3.0506138774069567,1.5267196182614453e-05,0.0,-7.484942237339983e-06,0.0,0.0,3.643603780768039e-07,0.0,0.0,1.7064697530263846e-05,3.4950059040230234e-06,0.0
3.1374436858287713,1.3757340583524774e-05,0.0,-4.467961258192075e-06,0.0,0.0,-7.091239979819054e-07,0.0,0.0,1.5322010208923415e-05,3.1199050719902555e-06,0.0
3.2267449363712704,1.198155812095749e-05,0.0,-2.3328697162757037e-06,0.0,0.0,-1.3994968816896611e-06,0.0,0.0,1.3296579031156601e-05,2.692424867000582e-06,0.0
3.318587973841922,1.012572903943339e-05,0.0,-8.874790716787081e-07,0.0,0.0,-1.7883698327829275e-06,0.0,0.0,1.1197118895770177e-05,2.2552124828721015e-06,0.0
3.4130451452767367,8.321451514292111e-06,0.0,3.4004570802205715e-08,0.0,0.0,-1.9480838926788093e-06,0.0,0.0,9.169479636022053e-06,1.8373861156217443e-06,0.0
3.5101908569297917,6.655668668595698e-06,0.0,5.704722821614097e-07,0.0,0.0,-1.9412322268615294e-06,0.0,0.0,7.308345091567649e-06,1.4572829583789992e-06,0.0
3.6101016328849225,5.179653823012044e-06,0.0,8.349374790085546e-07,0.0,0.0,-1.8205663108468641e-06,0.0,0.0,5.667995545997205e-06,1.1249037477433988e-06,0.0
3.7128561753356126,3.917160395078744e-06,0.0,9.166121897373095e-07,0.0,0.0,-1.6292467328783885e-06,0.0,0.0,4.271932435253969e-06,8.44035072464138e-07,0.0
3.818535426580676,2.871594465947376e-06,0.0,8.836503697417063e-07,0.0,0.0,-1.4013882710819256e-06,0.0,0.0,3.1212320529955116e-06,6.140431855453667e-07,0.0
3.9272226327844786,2.0321580102834635e-06,0.0,7.862206402009033e-07,0.0,0.0,-1.1628403726159442e-06,0.0,0.0,2.2016005543668113e-06,4.313520103799523e-07,0.0
4.039003409552053,1.3789660775019186e-06,0.0,6.596406708475547e-07,0.0,0.0,-9.321392331929536e-07,0.0,0.0,1.489165898691963e-06,2.906281781481947e-07,0.0
4.153965809370598,8.871466027916024e-07,0.0,5.273900762265501e-07,0.0,0.0,-7.215664146863423e-07,0.0,0.0,9.550487714935504e-07,1.8569474108129693e-07,0.0
4.272200390970624,5.299891374112531e-07,0.0,4.038549724591471e-07,0.0,0.0,-5.382512300027723e-07,0.0,0.0,5.688156814692324e-07,1.1020474880392994e-07,0.0
4.39380029066127,2.812437348196328e-07,0.0,2.967272860881789e-07,0.0,0.0,-3.852597571732668e-07,0.0,0.0,3.0095180792271073e-07,5.81102680834001e-08,0.0
4.518861295696139,1.1667733198975013e-07,0.0,2.0901609359607902e-07,0.0,0.0,-2.626216183811457e-07,0.0,0.0,1.2449336389914606e-07,2.3960672782917e-08,0.0
4.647481919727249,1.501951595691162e-08,0.0,1.4066953526159827e-07,0.0,0.0,-1.682560384529594e-07,0.0,0.0,1.5980786761652076e-08,3.066301312270444e-09,0.0
4.779763480406694,-4.159517490559155e-08,0.0,8.982257674402364e-08,0.0,0.0,-9.877013084442612e-08,0.0,0.0,-4.413723721462132e-08,-8.444034965924371e-09,0.0
4.915810179197071,-6.755844347731663e-08,0.0,5.371480132338268e-08,0.0,0.0,-5.011403787049664e-08,0.0,0.0,-7.149894259509395e-08,-1.3640628431511641e-08,0.0
5.055729183453521,-7.398352792062336e-08,0.0,2.9324671665326977e-08,0.0,0.0,-1.808864125198954e-08,0.0,0.0,-7.809996016598315e-08,-1.486053904965095e-08,0.0
5.199630710842162,-6.907095331306675e-08,0.0,1.3774865210605107e-08,0.0,0.0,1.2887062366181345e-09,0.0,0.0,-7.273526373680925e-08,-1.3804934532343484e-08,0.0
5.347628116161243,-5.856732735172211e-08,0.0,4.557962657563474e-09,0.0,0.0,1.1547152071740396e-08,0.0,0.0,-6.152854097031226e-08,-1.1649993287695135e-08,0.0
5.49983798063354,-4.624843646334661e-08,0.0,-3.667543751218343e-10,0.0,0.0,1.5635173816703595e-08,0.0,0.0,-4.847607761853933e-08,-9.157733995486853e-09,0.0
5.656380203740238,-3.438670007067024e-08,0.0,-2.56248237823773e-09,0.0,0.0,1.588120859668348e-08,0.0,0.0,-3.596394117412802e-08,-6.779361444783835e-09,0.0
5.817378097668783,-2.4167148435529665e-08,0.0,-3.1593395844201196e-09,0.0,0.0,1.4019082018878122e-08,0.0,0.0,-2.5222329013650748e-08,-4.744767002470019e-09,0.0
5.982958484448901,-1.6037610043799487e-08,0.0,-2.9255624200693996e-09,0.0,0.0,1.1256244270801719e-08,0.0,0.0,-1.6703922032091074e-08,-3.1361832199479444e-09,0.0
6.1532517958534845,-9.987823978905743e-09,0.0,-2.3472560981745063e-09,0.0,0.0,8.365375361559757e-09,0.0,0.0,-1.038255048439332e-08,-1.9457331873417306e-09,0.0
6.3283921761428745,-5.758798007415047e-09,0.0,-1.7046933964148595e-09,0.0,0.0,5.783477539346556e-09,0.0,0.0,-5.9752208879327615e-09,-1.1178163132138619e-09,0.0
6.508517587733695,-2.9873857331628315e-09,0.0,-1.1381635854219515e-09,0.0,0.0,3.706641074639579e-09,0.0,0.0,-3.0941127379534906e-09,-5.778683579207347e-10,0.0
6.693769919875216,-1.2985862886762173e-09,0.0,-7.001667951768267e-10,0.0,0.0,2.172713444565507e-09,0.0,0.0,-1.342676099628453e-09,-2.5036727638113664e-10,0.0
6.8842951004190445,-3.6024564379075605e-10,0.0,-3.930537516961455e-10,0.0,0.0,1.12778275489701e-09,0.0,0.0,-3.718662794119565e-10,-6.923763094356768e-11,0.0
7.0802432107701225,9.52174886750294e-11,0.0,-1.967514494892014e-10,0.0,0.0,4.754193593947685e-10,0.0,0.0,9.81348967993424e-11,1.8245684798123417e-11,0.0
7.281768604109507,2.6448404896389006e-10,0.0,-8.260998287326958e-11,0.0,0.0,1.0981126635735672e-10,0.0,0.0,2.721792654254705e-10,5.0536737710907463e-11,0.0
7.489030026982287,2.828626758486733e-10,0.0,-2.2690892775955546e-11,0.0,0.0,-6.464047403144757e-11,0.0,0.0,2.9067598735278443e-10,5.390225280418387e-11,0.0
7.702190744346106,2.35257911369628e-10,0.0,5.375123846829173e-12,0.0,0.0,-1.2410676825785902e-10,0.0,0.0,2.4142591342949965e-10,4.4715235969110366e-11,0.0
7.92141866817905,1.694751008199097e-10,0.0,1.113284480200727e-11,0.0,0.0,-1.2323697912253518e-10,0.0,0.0,1.7369162618588663e-10,3.2133071341957e-11,0.0
8.146886489748006,1.09632593829503e-10,0.0,1.408790526606702e-11,0.0,0.0,-9.732636008067266e-11,0.0,0.0,1.1222050686136975e-10,2.0738256014415095e-11,0.0
8.378771815641947,6.419266204454439e-11,0.0,6.671609200169037e-12,0.0,0.0,-6.648955961769598e-11,0.0,0.0,6.563004931104513e-11,1.211600097138242e-11,0.0
8.617257307676978,3.409236695798474e-11,0.0,8.924581888461309e-12,0.0,0.0,-4.024248027204546e-11,0.0,0.0,3.4816378700454254e-11,6.4210248397055555e-12,0.0
8.862530826783608,1.585513030771642e-11,0.0,6.688020789711529e-13,0.0,0.0,-2.157326201570206e-11,0.0,0.0,1.6174419417418142e-11,2.9803628479616392e-12,0.0
9.114785580989393,6.039523228886044e-12,0.0,3.1918398616306554e-13,0.0,0.0,-1.0036395039143091e-11,0.0,0.0,6.154834699663149e-12,1.1332957791514822e-12,0.0
9.374220277613782,1.3939467836284642e-12,0.0,6.615220345468252e-12,0.0,0.0,-3.840751808685181e-12,0.0,0.0,1.4191760766933076e-12,2.6074449193291247e-13,0.0
9.641039279794736,-2.805321537177913e-13,0.0,-9.766544051250307e-13,0.0,0.0,-1.0395126769091195e-12,0.0,0.0,-2.853446192060765e-13,-5.2936014117773384e-14,0.0
9.915452767470663,-5.836644618470476e-13,0.0,-8.72480490248653e-12,0.0,0.0,-7.493258578592992e-14,0.0,0.0,-5.931533357933301e-13,-1.0915191818573677e-13,0.0
10.197676902944291,-5.80356421016631e-13,0.0,-4.707836580118558e-12,0.0,0.0,7.84408216908774e-14,0.0,0.0,-5.892968054638412e-13,-1.07732875680389e-13,0.0
10.48793400115918,-3.296072004584163e-13,0.0,5.727830257196548e-13,0.0,0.0,-1.5509501842944354e-14,0.0,0.0,-3.3441797176312356e-13,-6.00093764607991e-14,0.0
10.786452704822642,-5.741895901695665e-14,0.0,3.3715155680812748e-12,0.0,0.0,-1.068650110156252e-13,0.0,0.0,-5.821288393086273e-14,-8.603413924931356e-15,0.0
11.093468164513272,1.357926893079784e-13,0.0,4.8596960909383484e-12,0.0,0.0,-1.2821550617577295e-13,0.0,0.0,1.3757120898167057e-13,2.6767274567666738e-14,0.0
11.409222223914924,1.3334438184867027e-13,0.0,2.652284414655177e-12,0.0,0.0,-9.292883493134262e-14,0.0,0.0,1.3499851331802923e-13,2.2401785162799546e-14,0.0
11.733963610322865,3.160018755862637e-14,0.0,-1.716220086853981e-12,0.0,0.0,-3.1112339819075314e-14,0.0,0.0,3.1971427450669297e-14,-2.0232035454732065e-15,0.0
12.067948130572578,8.62717425314167e-15,0.0,-3.5471784922586462e-12,0.0,0.0,2.964839196394353e-14,0.0,0.0,8.723150446248154e-15,2.812555490699961e-15,0.0
12.411438872545041,2.039647931546397e-13,0.0,-3.3935733681014575e-12,0.0,0.0,7.629005528409966e-14,0.0,0.0,2.0611332308596093e-13,5.189323744304569e-14,0.0
12.76470641240763,-3.4479736291600066e-14,0.0,-3.263521306643064e-12,0.0,0.0,1.0582139738344544e-13,0.0,0.0,-3.4823614837832497e-14,-3.376825217291756e-14,0.0
13.128029027753554,-1.7283917409688763e-14,0.0,3.8072107708002853e-13,0.0,0.0,1.2008256315307582e-13,0.0,0.0,-1.7447111317306072e-14,2.570432681192881e-14,0.0
13.50169291680817,-3.6314766443464165e-14,0.0,1.0923381034385111e-12,0.0,0.0,1.2391856745596176e-13,0.0,0.0,-3.6639355050743274e-14,-4.3468117083648786e-14,0.0
13.88599242387431,3.151029520822078e-13,0.0,4.183175678682204e-12,0.0,0.0,1.2275764216413195e-13,0.0,0.0,3.1776895076764104e-13,1.1918664639708025e-13,0.0
14.281230271194644,-2.1205357232415335e-13,0.0,5.254264320313697e-13,0.0,0.0,1.1717547726223919e-13,0.0,0.0,-2.1375174348807967e-13,-8.774043390734065e-14,0.0
14.687717797413365,6.147804978708343e-14,0.0,-1.873586775810684e-12,0.0,0.0,1.0887644686606663e-13,0.0,0.0,6.194401869785706e-14,-9.947091961508063e-14,0.0
15.105775202825523,4.6274247226344755e-14,0.0,1.5047755400704335e-12,0.0,0.0,9.960806775516495e-14,0.0,0.0,4.6606180686775434e-14,9.265811121869218e-14,0.0
15.53573180160663,2.542157578616586e-13,0.0,-1.2610819875685985e-12,0.0,0.0,9.15611024605893e-14,0.0,0.0,2.5594145461179217e-13,3.0806418474300217e-13,0.0
15.97792628122164,-1.251587574277007e-13,0.0,-1.0304617371869695e-12,0.0,0.0,8.230479058539738e-14,0.0,0.0,-1.2596274686833865e-13,2.8439770704175136e-13,0.0
16.432706969217335,-5.372182699749521e-14,0.0,1.3276173360626776e-12,0.0,0.0,7.512908204939673e-14,0.0,0.0,-5.404837344234078e-14,2.7916014774685965e-13,0.0
16.900432107608754,4.247589093428324e-14,0.0,-5.836523451511897e-13,0.0,0.0,6.647032136970631e-14,0.0,0.0,4.27201895141079e-14,-1.3121553683006385e-13,0.0
17.381470135075183,4.357447265195306e-14,0.0,-7.467943173234181e-13,0.0,0.0,5.859038371170089e-14,0.0,0.0,4.381159641429756e-14,-9.489135438778597e-13,0.0
17.876199977188445,1.1685974462913004e-13,0.0,3.2288231653258036e-13,0.0,0.0,5.2724558617365543e-14,0.0,0.0,1.174614084505781e-13,1.881602845805517e-13,0.0
18.385011344902015,6.766097237152455e-14,0.0,2.380427471263203e-14,0.0,0.0,4.7947653289330117e-14,0.0,0.0,6.79905483996108e-14,9.860871949038717e-14,0.0
18.90830504153584,-2.913486153384788e-13,0.0,-6.25135018100348e-13,0.0,0.0,4.339924869960113e-14,0.0,0.0,-2.9269120110801234e-13,3.391438503705224e-13,0.0
19.446493278499258,1.6277995287548278e-14,0.0,1.444021227654465e-13,0.0,0.0,3.691902354638194e-14,0.0,0.0,1.6348957314713956e-14,-1.6378707559447603e-12,0.0
20.0,-1.85504389086794e-14,0.0,1.2183213730990547e-13,0.0,0.0,2.989900300335466e-14,0.0,0.0,-1.862693871661474e-14,1.7969228886405163e-12,0.0
